project,bug,python_version,runtime,tier,packages_to_compile,requirements_pinned,buggy_commit,fixed_commit,test_file,project_repository,bugsinpy_folder
ansible,1,3.6.9,"Docker, Python 3.6",3: large native stack to compile,cryptography cffi,yes,25c5388fdec9e56517a93feb5e8d485680946c25,343ffaa18b63c92e182b16c3ad84b8d81ca4df69,test/units/galaxy/test_collection.py,https://github.com/ansible/ansible,https://github.com/soarsmu/BugsInPy/tree/11c5f1eea954a42132cfd06bf257766a7963e0fd/projects/ansible/bugs/1
ansible,2,3.6.9,"Docker, Python 3.6",3: large native stack to compile,cryptography cffi,yes,de59b17c7f69d5cfb72479b71776cc8b97e29a6b,5b9418c06ca6d51507468124250bb58046886be6,test/units/utils/test_version.py,https://github.com/ansible/ansible,https://github.com/soarsmu/BugsInPy/tree/11c5f1eea954a42132cfd06bf257766a7963e0fd/projects/ansible/bugs/2
ansible,3,3.6.9,"Docker, Python 3.6",3: large native stack to compile,cryptography cffi,yes,70219df9056ffb1e2766f572fbe71f7a1800c9f5,9d48884e36fb4fd9551f000b87d264383de74e75,test/units/module_utils/test_distribution_version.py,https://github.com/ansible/ansible,https://github.com/soarsmu/BugsInPy/tree/11c5f1eea954a42132cfd06bf257766a7963e0fd/projects/ansible/bugs/3
ansible,4,3.6.9,"Docker, Python 3.6",3: large native stack to compile,cryptography cffi,yes,d91658ec0c8434c82c3ef98bfe9eb4e1027a43a3,18a66e291dad71128a32d662aa808213acefe0e9,test/units/playbook/test_collectionsearch.py,https://github.com/ansible/ansible,https://github.com/soarsmu/BugsInPy/tree/11c5f1eea954a42132cfd06bf257766a7963e0fd/projects/ansible/bugs/4
ansible,5,3.6.9,"Docker, Python 3.6",3: large native stack to compile,cryptography cffi,yes,2af76f16be8cf2239daaec4c2f31c3dcb4e3469e,3c3ffc09c203d1b2262f6a319cceadd727749761,test/units/module_utils/common/validation/test_check_required_arguments.py,https://github.com/ansible/ansible,https://github.com/soarsmu/BugsInPy/tree/11c5f1eea954a42132cfd06bf257766a7963e0fd/projects/ansible/bugs/5
ansible,6,3.6.9,"Docker, Python 3.6",3: large native stack to compile,cryptography cffi,yes,90898132e456ee1993db99a1531379f1b98ee915,4881af2e7e0506ada0225fd764e874e20569d5b2,test/units/galaxy/test_collection_install.py,https://github.com/ansible/ansible,https://github.com/soarsmu/BugsInPy/tree/11c5f1eea954a42132cfd06bf257766a7963e0fd/projects/ansible/bugs/6
ansible,7,3.6.9,"Docker, Python 3.6",3: large native stack to compile,cryptography cffi,yes,cd146b836e032df785ecd9eb711c6ef23c2228b8,4ec1437212b2fb3c313e44ed5a76b105f2151622,test/units/modules/network/eos/test_eos_vlans.py,https://github.com/ansible/ansible,https://github.com/soarsmu/BugsInPy/tree/11c5f1eea954a42132cfd06bf257766a7963e0fd/projects/ansible/bugs/7
ansible,8,3.6.9,"Docker, Python 3.6",3: large native stack to compile,cryptography cffi,yes,81378b3e744cd0d13b33d18a4f8a38aeb8a6e97a,fc7980af9a42676913b4054163570ee438b82e9c,test/units/plugins/shell/test_powershell.py,https://github.com/ansible/ansible,https://github.com/soarsmu/BugsInPy/tree/11c5f1eea954a42132cfd06bf257766a7963e0fd/projects/ansible/bugs/8
ansible,9,3.6.9,"Docker, Python 3.6",3: large native stack to compile,cryptography cffi,yes,9276dd2007a73172ed99ab5a56cded4298d3cd2b,6f1bb37feb81acd99157f5ba0933fecd747015a2,test/units/modules/packaging/os/test_redhat_subscription.py,https://github.com/ansible/ansible,https://github.com/soarsmu/BugsInPy/tree/11c5f1eea954a42132cfd06bf257766a7963e0fd/projects/ansible/bugs/9
ansible,10,3.6.9,"Docker, Python 3.6",3: large native stack to compile,cryptography cffi,yes,e368f788f71c338cd3f049d5d6bdc643a51c0514,a4b59d021368285490f7cda50c11ac4f7a8030b5,test/units/modules/system/test_pamd.py,https://github.com/ansible/ansible,https://github.com/soarsmu/BugsInPy/tree/11c5f1eea954a42132cfd06bf257766a7963e0fd/projects/ansible/bugs/10
ansible,11,3.6.9,"Docker, Python 3.6",3: large native stack to compile,cryptography cffi,yes,da07b98b7a433493728ddb7ac7efbd20b8988776,52f3ce8a808f943561803bd664e695fed1841fe8,test/units/modules/network/ios/test_ios_banner.py,https://github.com/ansible/ansible,https://github.com/soarsmu/BugsInPy/tree/11c5f1eea954a42132cfd06bf257766a7963e0fd/projects/ansible/bugs/11
ansible,12,3.6.9,"Docker, Python 3.6",3: large native stack to compile,cryptography cffi,yes,05e2e1806162393d76542a75c2520c7d61c2d855,2fa8f9cfd80daf32c7d222190edf7cfc7234582a,test/units/plugins/lookup/test_env.py,https://github.com/ansible/ansible,https://github.com/soarsmu/BugsInPy/tree/11c5f1eea954a42132cfd06bf257766a7963e0fd/projects/ansible/bugs/12
ansible,13,3.6.9,"Docker, Python 3.6",3: large native stack to compile,cryptography cffi,yes,41472ee3878be215af8b933b2b04b4a72b9165ca,694ef5660d45fcb97c9beea5b2750f6eadcf5e93,test/units/cli/test_galaxy.py,https://github.com/ansible/ansible,https://github.com/soarsmu/BugsInPy/tree/11c5f1eea954a42132cfd06bf257766a7963e0fd/projects/ansible/bugs/13
ansible,14,3.6.9,"Docker, Python 3.6",3: large native stack to compile,cryptography cffi,yes,a1ab093ddbd32f1002cbf6d6f184c7d0041d890d,7acae62fa849481b2a5e2e2d56961c5e1dcea96c,test/units/galaxy/test_api.py,https://github.com/ansible/ansible,https://github.com/soarsmu/BugsInPy/tree/11c5f1eea954a42132cfd06bf257766a7963e0fd/projects/ansible/bugs/14
ansible,15,3.6.9,"Docker, Python 3.6",3: large native stack to compile,cryptography cffi,yes,b1e8a6c1cbd2a668b462995487b819ef7dd8ba4b,68de182555b185737353e780882159a3d213908c,test/units/modules/network/eos/test_eos_eapi.py,https://github.com/ansible/ansible,https://github.com/soarsmu/BugsInPy/tree/11c5f1eea954a42132cfd06bf257766a7963e0fd/projects/ansible/bugs/15
ansible,16,3.6.9,"Docker, Python 3.6",3: large native stack to compile,cryptography cffi,yes,2a9964ede8b2b77a62a005f6f5abc964b2819b0e,93d9d640380252084855885ad27873b4377898ec,test/units/module_utils/facts/hardware/test_linux_get_cpu_info.py,https://github.com/ansible/ansible,https://github.com/soarsmu/BugsInPy/tree/11c5f1eea954a42132cfd06bf257766a7963e0fd/projects/ansible/bugs/16
ansible,17,3.6.9,"Docker, Python 3.6",3: large native stack to compile,cryptography cffi,yes,9cb47832d15c61884b30d70f9d4e0f816b064b05,b38cb37728df76e0529243bdce694b18ca0e1163,test/units/module_utils/facts/test_facts.py,https://github.com/ansible/ansible,https://github.com/soarsmu/BugsInPy/tree/11c5f1eea954a42132cfd06bf257766a7963e0fd/projects/ansible/bugs/17
ansible,18,3.6.9,"Docker, Python 3.6",3: large native stack to compile,cryptography cffi,yes,bb1256ca9aa4c22225dbeef0ef23a20fa9388b2f,056aac1e3012d0e65991b73f2478b844b7cbdfc8,test/units/cli/test_galaxy.py,https://github.com/ansible/ansible,https://github.com/soarsmu/BugsInPy/tree/11c5f1eea954a42132cfd06bf257766a7963e0fd/projects/ansible/bugs/18
black,1,3.8.3,"uv, Python 3.8",3: large native stack to compile,cryptography aiohttp cffi multidict regex typed-ast yarl,yes,26c9465a22c732ab1e17b0dec578fa3432e9b558,c0a7582e3d4cc8bec3b7f5a6c52b36880dcb57d7,tests/test_black.py,https://github.com/psf/black,https://github.com/soarsmu/BugsInPy/tree/11c5f1eea954a42132cfd06bf257766a7963e0fd/projects/black/bugs/1
black,2,3.8.3,"uv, Python 3.8",3: large native stack to compile,cryptography aiohttp cffi multidict regex typed-ast yarl,yes,c8ca6b2b9ff3510bee12129824cebfc2fc51e5b2,892eddacd215d685e136686b7f629ade70adca83,tests/test_black.py,https://github.com/psf/black,https://github.com/soarsmu/BugsInPy/tree/11c5f1eea954a42132cfd06bf257766a7963e0fd/projects/black/bugs/2
black,3,3.8.3,"uv, Python 3.8",3: large native stack to compile,cryptography aiohttp cffi multidict regex typed-ast yarl,yes,8126b4f6a9342290de4655e6a8a78cd288ce7daa,7a14a37981862ef418f3cdb4a7e2375856f97529,tests/test_black.py,https://github.com/psf/black,https://github.com/soarsmu/BugsInPy/tree/11c5f1eea954a42132cfd06bf257766a7963e0fd/projects/black/bugs/3
black,4,3.8.3,"uv, Python 3.8",3: large native stack to compile,cryptography aiohttp cffi multidict regex typed-ast yarl,yes,65ea568e3301951f26e0e3b98f6d5dc80132e917,c7495b9aa098ef7a358fc74556359d21c6a4ba11,tests/test_black.py;tests/data/beginning_backslash.py,https://github.com/psf/black,https://github.com/soarsmu/BugsInPy/tree/11c5f1eea954a42132cfd06bf257766a7963e0fd/projects/black/bugs/4
black,5,3.8.3,"uv, Python 3.8",3: large native stack to compile,cryptography aiohttp cffi multidict regex typed-ast yarl,yes,1bbb01b854d168d76ebe4bf78961c2152ae075d9,9394de150ebf0adc426523f46dc08e8b2b2b0b63,tests/test_black.py,https://github.com/psf/black,https://github.com/soarsmu/BugsInPy/tree/11c5f1eea954a42132cfd06bf257766a7963e0fd/projects/black/bugs/5
black,6,3.8.3,"uv, Python 3.8",3: large native stack to compile,cryptography aiohttp cffi multidict regex typed-ast yarl,yes,8c8adedc2a74a494c24f93e405b6418ac32f54cd,f8617f975d56e81cfb4070ce65584f7b29a77e7a,tests/test_black.py;tests/data/comment_after_escaped_newline.py,https://github.com/psf/black,https://github.com/soarsmu/BugsInPy/tree/11c5f1eea954a42132cfd06bf257766a7963e0fd/projects/black/bugs/6
black,7,3.8.3,"uv, Python 3.8",3: large native stack to compile,cryptography aiohttp cffi multidict regex typed-ast yarl,yes,18119d38466652ae818436cb497f601294ed4558,de806405d2934b629d67e2a6317ad7e826765a20,tests/data/tupleassign.py;tests/test_black.py,https://github.com/psf/black,https://github.com/soarsmu/BugsInPy/tree/11c5f1eea954a42132cfd06bf257766a7963e0fd/projects/black/bugs/7
black,8,3.8.3,"uv, Python 3.8",3: large native stack to compile,cryptography aiohttp cffi multidict regex typed-ast yarl,yes,e6ddb68c786256e1cb0c76b42d10c212ef34cb2a,6b994fdb8ab70ce4c2eafb8f2f0ff2648f3ff1ef,tests/data/comments7.py;tests/test_black.py,https://github.com/psf/black,https://github.com/soarsmu/BugsInPy/tree/11c5f1eea954a42132cfd06bf257766a7963e0fd/projects/black/bugs/8
black,9,3.8.3,"uv, Python 3.8",3: large native stack to compile,cryptography aiohttp cffi multidict regex typed-ast yarl,yes,026c81b83454f176a9f9253cbfb70be2c159d822,d6db1c12a8e14833fe22da377cddc2bd1f43dc14,tests/data/python2_print_function.py;tests/test_black.py,https://github.com/psf/black,https://github.com/soarsmu/BugsInPy/tree/11c5f1eea954a42132cfd06bf257766a7963e0fd/projects/black/bugs/9
black,10,3.8.3,"uv, Python 3.8",3: large native stack to compile,cryptography aiohttp cffi multidict regex typed-ast yarl,yes,f6643c4f0cfbae1f2493fdfce46cfbae3d26f46b,66aa676278948368dff251dffd58c850cb8b889e,tests/test_black.py,https://github.com/psf/black,https://github.com/soarsmu/BugsInPy/tree/11c5f1eea954a42132cfd06bf257766a7963e0fd/projects/black/bugs/10
black,11,3.8.3,"uv, Python 3.8",3: large native stack to compile,cryptography aiohttp cffi multidict regex typed-ast yarl,yes,283a5d53a8d57e8e186a08c9fbf249e1fbe7bc94,024c9cab55da7bd3236fd88759c9735d6149b464,tests/data/comments6.py;tests/test_black.py,https://github.com/psf/black,https://github.com/soarsmu/BugsInPy/tree/11c5f1eea954a42132cfd06bf257766a7963e0fd/projects/black/bugs/11
black,12,3.8.3,"uv, Python 3.8",3: large native stack to compile,cryptography aiohttp cffi multidict regex typed-ast yarl,yes,8b340e210271a8108995fd479c55dbc0a34466bd,b53cb9474348e13533ccba3735191a55ef3da6c4,tests/data/bracketmatch.py;tests/test_black.py,https://github.com/psf/black,https://github.com/soarsmu/BugsInPy/tree/11c5f1eea954a42132cfd06bf257766a7963e0fd/projects/black/bugs/12
black,13,3.8.3,"uv, Python 3.8",3: large native stack to compile,cryptography aiohttp cffi multidict regex typed-ast yarl,yes,b719d85ccc330170e40b2617307a7e3b2a0bab14,883689366ce0f0e0ddd66d81360c61abfd19b01a,tests/data/python37.py;tests/test_black.py,https://github.com/psf/black,https://github.com/soarsmu/BugsInPy/tree/11c5f1eea954a42132cfd06bf257766a7963e0fd/projects/black/bugs/13
black,14,3.8.3,"uv, Python 3.8",3: large native stack to compile,cryptography aiohttp cffi multidict regex typed-ast yarl,yes,3bdd42389128bbbe8b64a8e050563f09bff99979,dd8bde6d2fbfe8a7a11093e761a0cb5837efa96a,tests/test_black.py,https://github.com/psf/black,https://github.com/soarsmu/BugsInPy/tree/11c5f1eea954a42132cfd06bf257766a7963e0fd/projects/black/bugs/14
black,15,3.8.3,"uv, Python 3.8",3: large native stack to compile,cryptography aiohttp cffi multidict regex typed-ast yarl,yes,8a8c58252cc023ae250d6febd24f50a8166450d4,df2ae3bbe6c45298aabb6c04e85cb353205626f1,tests/data/fmtonoff2.py;tests/test_black.py,https://github.com/psf/black,https://github.com/soarsmu/BugsInPy/tree/11c5f1eea954a42132cfd06bf257766a7963e0fd/projects/black/bugs/15
black,16,3.8.3,"uv, Python 3.8",3: large native stack to compile,cryptography aiohttp cffi multidict regex typed-ast yarl,yes,fb34c9e19589d05f92084a28940837151251ebd6,42a3fe53319a8c02858c2a96989ed1339f84515a,tests/test_black.py,https://github.com/psf/black,https://github.com/soarsmu/BugsInPy/tree/11c5f1eea954a42132cfd06bf257766a7963e0fd/projects/black/bugs/16
black,17,3.8.3,"uv, Python 3.8",3: large native stack to compile,cryptography aiohttp cffi multidict regex typed-ast yarl,yes,bbc09a4f013f2a584f143f3f5e3f76f6082367d4,7fc6ce990669464f5172b63fafa3724f5f308be3,tests/test_black.py,https://github.com/psf/black,https://github.com/soarsmu/BugsInPy/tree/11c5f1eea954a42132cfd06bf257766a7963e0fd/projects/black/bugs/17
black,18,3.8.3,"uv, Python 3.8",3: large native stack to compile,cryptography aiohttp cffi multidict regex typed-ast yarl,yes,dbe26161fa68632d608a440666a0960a32630902,00a302560b92951c22f0f4c8d618cf63de39bd57,tests/test_black.py,https://github.com/psf/black,https://github.com/soarsmu/BugsInPy/tree/11c5f1eea954a42132cfd06bf257766a7963e0fd/projects/black/bugs/18
black,19,3.8.3,"uv, Python 3.8",3: large native stack to compile,cryptography aiohttp cffi multidict regex typed-ast yarl,yes,337a4199f90ca48a19cf26511e0cec330b13bd4e,29e97d1d4a7717f1bd0ca35cacf2f2ce6d815b0c,tests/comments6.py;tests/test_black.py,https://github.com/psf/black,https://github.com/soarsmu/BugsInPy/tree/11c5f1eea954a42132cfd06bf257766a7963e0fd/projects/black/bugs/19
black,20,3.8.3,"uv, Python 3.8",3: large native stack to compile,cryptography aiohttp cffi multidict regex typed-ast yarl,yes,2e52a2b3ecc0fe025439c3db05a4457ab14f167b,06e95b1e9bcd43c4574840f8174ba4b2c5d281bd,tests/test_black.py,https://github.com/psf/black,https://github.com/soarsmu/BugsInPy/tree/11c5f1eea954a42132cfd06bf257766a7963e0fd/projects/black/bugs/20
black,21,3.8.3,"uv, Python 3.8",3: large native stack to compile,cryptography aiohttp cffi multidict regex typed-ast yarl,yes,c071af761e1550c6e4ebab8e5af747d2d8fdd48e,8e7848c63efe36f09e4651bece8c0efc34a1c3e1,tests/test_black.py,https://github.com/psf/black,https://github.com/soarsmu/BugsInPy/tree/11c5f1eea954a42132cfd06bf257766a7963e0fd/projects/black/bugs/21
black,22,3.8.3,"uv, Python 3.8",3: large native stack to compile,cryptography aiohttp cffi multidict regex typed-ast yarl,yes,728c56c986bc5aea4d9897d3fce3159f89991b8e,c55d08d0b96c8de8bd867ca315e380d9e9d2d7ec,tests/comments3.py;tests/test_black.py,https://github.com/psf/black,https://github.com/soarsmu/BugsInPy/tree/11c5f1eea954a42132cfd06bf257766a7963e0fd/projects/black/bugs/22
black,23,3.8.3,"uv, Python 3.8",3: large native stack to compile,cryptography aiohttp cffi multidict regex typed-ast yarl,yes,8de552eb4f0fbf1ad84812cde71489cc00d3ed1f,6316e293ac30a2837ec20eba289fd28a2a18cf89,tests/python2.py;tests/test_black.py,https://github.com/psf/black,https://github.com/soarsmu/BugsInPy/tree/11c5f1eea954a42132cfd06bf257766a7963e0fd/projects/black/bugs/23
cookiecutter,1,3.6.9,"Docker, Python 3.6",1: nothing to compile,,yes,c15633745df6abdb24e02746b82aadb20b8cdf8c,7f6804c4953a18386809f11faf4d86898570debc,tests/test_generate_context.py,https://github.com/cookiecutter/cookiecutter,https://github.com/soarsmu/BugsInPy/tree/11c5f1eea954a42132cfd06bf257766a7963e0fd/projects/cookiecutter/bugs/1
cookiecutter,2,3.6.9,"Docker, Python 3.6",1: nothing to compile,,yes,d7e7b28811e474e14d1bed747115e47dcdd15ba3,90434ff4ea4477941444f1e83313beb414838535,tests/test_hooks.py,https://github.com/cookiecutter/cookiecutter,https://github.com/soarsmu/BugsInPy/tree/11c5f1eea954a42132cfd06bf257766a7963e0fd/projects/cookiecutter/bugs/2
cookiecutter,3,3.6.9,"Docker, Python 3.6",1: nothing to compile,,yes,5c282f020a8db7e5e7c4e7b51b010556ca31fb7f,7129d474206761a6156925db78eee4b62a0e3944,tests/test_read_user_choice.py,https://github.com/cookiecutter/cookiecutter,https://github.com/soarsmu/BugsInPy/tree/11c5f1eea954a42132cfd06bf257766a7963e0fd/projects/cookiecutter/bugs/3
cookiecutter,4,3.6.9,"Docker, Python 3.6",1: nothing to compile,,yes,9568ab6ecd2d6836646006c59473c4a4ac0dee04,457a1a4e862aab4102b644ff1d2b2e2b5a766b3c,tests/test_hooks.py,https://github.com/cookiecutter/cookiecutter,https://github.com/soarsmu/BugsInPy/tree/11c5f1eea954a42132cfd06bf257766a7963e0fd/projects/cookiecutter/bugs/4
fastapi,1,3.8.3,"uv, Python 3.8",2: small C extensions to compile,cffi regex typed-ast ujson,yes,766157bfb4e7dfccba09ab398e8ec444d14e947c,3397d4d69a9c2d64c1219fcbf291ea5697a4abb8,tests/test_jsonable_encoder.py,https://github.com/tiangolo/fastapi,https://github.com/soarsmu/BugsInPy/tree/11c5f1eea954a42132cfd06bf257766a7963e0fd/projects/fastapi/bugs/1
fastapi,2,3.8.3,"uv, Python 3.8",2: small C extensions to compile,cffi regex typed-ast ujson,yes,210af1fd3dc0f612a08fa02a0cb3f5adb81e5bfb,02441ff0313d5b471b662293244c53e712f1243f,tests/test_ws_router.py,https://github.com/tiangolo/fastapi,https://github.com/soarsmu/BugsInPy/tree/11c5f1eea954a42132cfd06bf257766a7963e0fd/projects/fastapi/bugs/2
fastapi,3,3.8.3,"uv, Python 3.8",2: small C extensions to compile,cffi regex typed-ast ujson,yes,869c7389e22dc9ad659940fa271da76c4f3ba3b1,aea04ee32ee1942e6e1a904527bb8da6ba76abd9,tests/test_serialize_response_model.py,https://github.com/tiangolo/fastapi,https://github.com/soarsmu/BugsInPy/tree/11c5f1eea954a42132cfd06bf257766a7963e0fd/projects/fastapi/bugs/3
fastapi,4,3.8.3,"uv, Python 3.8",2: small C extensions to compile,cffi regex typed-ast ujson,yes,7ccd81f70653857bd8f3a15ee946aa3fb0edc2cb,74c4d1c1dbe6bfdb05d6e4fc767ffe062398f0a3,tests/test_param_in_path_and_dependency.py,https://github.com/tiangolo/fastapi,https://github.com/soarsmu/BugsInPy/tree/11c5f1eea954a42132cfd06bf257766a7963e0fd/projects/fastapi/bugs/4
fastapi,5,3.8.3,"uv, Python 3.8",2: small C extensions to compile,cffi regex typed-ast ujson,yes,7cea84b74ca3106a7f861b774e9d215e5228728f,75a07f24bf01a31225ee687f3e2b3fc1981b67ab,tests/test_filter_pydantic_sub_model.py,https://github.com/tiangolo/fastapi,https://github.com/soarsmu/BugsInPy/tree/11c5f1eea954a42132cfd06bf257766a7963e0fd/projects/fastapi/bugs/5
fastapi,6,3.8.3,"uv, Python 3.8",2: small C extensions to compile,cffi regex typed-ast ujson,yes,5db99a27cf640864b4793807811848698c5ff4a2,874d24181e779ebc6e1c52afb7d6598f863fd6a8,tests/test_forms_from_non_typing_sequences.py,https://github.com/tiangolo/fastapi,https://github.com/soarsmu/BugsInPy/tree/11c5f1eea954a42132cfd06bf257766a7963e0fd/projects/fastapi/bugs/6
fastapi,7,3.8.3,"uv, Python 3.8",2: small C extensions to compile,cffi regex typed-ast ujson,yes,cc4c13e4ae3f65fc76c23962b316df4a60e0c7e0,19c77e35bdde33aeec1eb2cfa680f95016492b69,tests/test_multi_body_errors.py,https://github.com/tiangolo/fastapi,https://github.com/soarsmu/BugsInPy/tree/11c5f1eea954a42132cfd06bf257766a7963e0fd/projects/fastapi/bugs/7
fastapi,8,3.8.3,"uv, Python 3.8",2: small C extensions to compile,cffi regex typed-ast ujson,yes,fdb6d43e103bcf7a7325d796e37c9435c9460e4c,dd963511d699b463b416408a0ad705b3dda0d067,tests/test_custom_route_class.py,https://github.com/tiangolo/fastapi,https://github.com/soarsmu/BugsInPy/tree/11c5f1eea954a42132cfd06bf257766a7963e0fd/projects/fastapi/bugs/8
fastapi,9,3.8.3,"uv, Python 3.8",2: small C extensions to compile,cffi regex typed-ast ujson,yes,a7a92bc63768ccee3f3afc2b73b2c581928dfe75,c5817912d2be25bb310bf9da517882f57bbe7bb5,tests/test_request_body_parameters_media_type.py,https://github.com/tiangolo/fastapi,https://github.com/soarsmu/BugsInPy/tree/11c5f1eea954a42132cfd06bf257766a7963e0fd/projects/fastapi/bugs/9
fastapi,10,3.8.3,"uv, Python 3.8",2: small C extensions to compile,cffi regex typed-ast ujson,yes,b77a43bcac3ec8e7edbe82543e777c60ae85c178,38495fffa560fa57a8f0e6437d8e43c36c8e5612,tests/test_skip_defaults.py,https://github.com/tiangolo/fastapi,https://github.com/soarsmu/BugsInPy/tree/11c5f1eea954a42132cfd06bf257766a7963e0fd/projects/fastapi/bugs/10
fastapi,11,3.8.3,"uv, Python 3.8",2: small C extensions to compile,cffi regex typed-ast ujson,yes,bf229ad5d830eb5320f966d51a55e590e8d57008,06eb4219345a77d23484528c9d164eb8d2097fec,tests/test_union_body.py;tests/test_union_inherited_body.py,https://github.com/tiangolo/fastapi,https://github.com/soarsmu/BugsInPy/tree/11c5f1eea954a42132cfd06bf257766a7963e0fd/projects/fastapi/bugs/11
fastapi,12,3.8.3,"uv, Python 3.8",2: small C extensions to compile,cffi regex typed-ast ujson,yes,d61f5e4b555b123bf222503fc0e076cbae6a7ebc,d262f6e9296993e528e2327f0a73f7bf5514e7c6,tests/test_security_http_bearer_optional.py,https://github.com/tiangolo/fastapi,https://github.com/soarsmu/BugsInPy/tree/11c5f1eea954a42132cfd06bf257766a7963e0fd/projects/fastapi/bugs/12
fastapi,13,3.8.3,"uv, Python 3.8",2: small C extensions to compile,cffi regex typed-ast ujson,yes,6f7f9268f6b03f42831dcfeaa5c15ba9813333ec,c8df3ae57c57e119d115dd3c1f44efa78de1022a,tests/test_additional_responses_router.py,https://github.com/tiangolo/fastapi,https://github.com/soarsmu/BugsInPy/tree/11c5f1eea954a42132cfd06bf257766a7963e0fd/projects/fastapi/bugs/13
fastapi,14,3.8.3,"uv, Python 3.8",2: small C extensions to compile,cffi regex typed-ast ujson,yes,2ddb804940bbcad4ed730b2a910c8fd3c1167127,b7d184363fad5f6b55d15ec3a3a844aa81092bbd,tests/test_additional_properties.py,https://github.com/tiangolo/fastapi,https://github.com/soarsmu/BugsInPy/tree/11c5f1eea954a42132cfd06bf257766a7963e0fd/projects/fastapi/bugs/14
fastapi,15,3.8.3,"uv, Python 3.8",2: small C extensions to compile,cffi regex typed-ast ujson,yes,b16ca54c30644667ab9f65a712704850666a039c,6d77e2ac5f2cadc63424f2d85d8d8cded2975922,tests/test_ws_router.py,https://github.com/tiangolo/fastapi,https://github.com/soarsmu/BugsInPy/tree/11c5f1eea954a42132cfd06bf257766a7963e0fd/projects/fastapi/bugs/15
fastapi,16,3.8.3,"uv, Python 3.8",2: small C extensions to compile,cffi regex typed-ast ujson,yes,92c825be6a7362099400c9c3fe8b01ea13add3dc,9745a5d1ae86a7fefacf79bdde8e5dd2d59fa2f4,tests/test_datetime_custom_encoder.py;tests/test_jsonable_encoder.py,https://github.com/tiangolo/fastapi,https://github.com/soarsmu/BugsInPy/tree/11c5f1eea954a42132cfd06bf257766a7963e0fd/projects/fastapi/bugs/16
httpie,1,3.7.3,"Docker, Python 3.7",2: small C extensions to compile,cffi,yes,001bda19450ad85c91345eea3cfa3991e1d492ba,5300b0b490b8db48fac30b5e32164be93dc574b7,tests/test_downloads.py,https://github.com/jakubroztocil/httpie,https://github.com/soarsmu/BugsInPy/tree/11c5f1eea954a42132cfd06bf257766a7963e0fd/projects/httpie/bugs/1
httpie,2,3.7.3,"Docker, Python 3.7",2: small C extensions to compile,cffi,yes,356e0436510fee70b4071fac58be81c0a0a7db59,e18b609ef7d867d6efa0efe42c832be5e0d09338,tests/test_redirects.py,https://github.com/jakubroztocil/httpie,https://github.com/soarsmu/BugsInPy/tree/11c5f1eea954a42132cfd06bf257766a7963e0fd/projects/httpie/bugs/2
httpie,3,3.7.3,"Docker, Python 3.7",2: small C extensions to compile,cffi,yes,8c33e5e3d31d3cd6476c4d9bc963a4c529f883d2,589887939507ff26d36ec74bd2c045819cfa3d56,tests/test_sessions.py,https://github.com/jakubroztocil/httpie,https://github.com/soarsmu/BugsInPy/tree/11c5f1eea954a42132cfd06bf257766a7963e0fd/projects/httpie/bugs/3
httpie,4,3.7.3,"Docker, Python 3.7",2: small C extensions to compile,cffi,yes,8c892edd4fe700a7ca5cc733dcb4817831d253e2,040d981f00c3f6830b2d0db3daf3c64c080e96e3,tests/test_regressions.py,https://github.com/jakubroztocil/httpie,https://github.com/soarsmu/BugsInPy/tree/11c5f1eea954a42132cfd06bf257766a7963e0fd/projects/httpie/bugs/4
httpie,5,3.7.3,"Docker, Python 3.7",2: small C extensions to compile,cffi,yes,16df8848e81eefac830f407e4b985f42b52970da,90af1f742230831792d74d303d1e7ce56c96d4bd,tests/tests.py,https://github.com/jakubroztocil/httpie,https://github.com/soarsmu/BugsInPy/tree/11c5f1eea954a42132cfd06bf257766a7963e0fd/projects/httpie/bugs/5
keras,1,3.7.3,"Docker, Python 3.7",3: large native stack to compile,h5py numpy pandas scipy tensorflow,yes,331d5b0102ab0cc79cece1f03cc551d8105db3c9,8e23a3ec47a2ccbf6cdd222a80886c6b9f17264f,tests/keras/initializers_test.py,https://github.com/keras-team/keras,https://github.com/soarsmu/BugsInPy/tree/11c5f1eea954a42132cfd06bf257766a7963e0fd/projects/keras/bugs/1
keras,2,3.7.3,"Docker, Python 3.7",3: large native stack to compile,h5py numpy pandas scipy tensorflow,yes,2f55055a9f053b35fa721d3eb75dd07ea5a5f1e3,c24d16af155e20976bdf61e468ba760408e676ff,tests/keras/backend/backend_test.py,https://github.com/keras-team/keras,https://github.com/soarsmu/BugsInPy/tree/11c5f1eea954a42132cfd06bf257766a7963e0fd/projects/keras/bugs/2
keras,3,3.7.3,"Docker, Python 3.7",3: large native stack to compile,h5py numpy pandas scipy tensorflow,yes,c0d1709cbae3d05efc6dd224230012bc120be8e5,c13d2723d01212d09dfdda39b0ad439803ec9230,tests/keras/test_sequential_model.py,https://github.com/keras-team/keras,https://github.com/soarsmu/BugsInPy/tree/11c5f1eea954a42132cfd06bf257766a7963e0fd/projects/keras/bugs/3
keras,4,3.7.3,"Docker, Python 3.7",3: large native stack to compile,h5py numpy pandas scipy tensorflow,yes,b0bfd5201da2bfced84028bcc5bda05bdfd75af7,4185cbb50bfcae9cc30b0fc7b67e81d67a50a8ac,tests/keras/optimizers_test.py,https://github.com/keras-team/keras,https://github.com/soarsmu/BugsInPy/tree/11c5f1eea954a42132cfd06bf257766a7963e0fd/projects/keras/bugs/4
keras,5,3.7.3,"Docker, Python 3.7",3: large native stack to compile,h5py numpy pandas scipy tensorflow,yes,b847b4601d608050bab6eccd049fce28b7bf1b1f,e11c48d9ce3ee47bb8a966549b14cbd5b10ee70d,tests/keras/utils/data_utils_test.py,https://github.com/keras-team/keras,https://github.com/soarsmu/BugsInPy/tree/11c5f1eea954a42132cfd06bf257766a7963e0fd/projects/keras/bugs/5
keras,6,3.7.3,"Docker, Python 3.7",3: large native stack to compile,h5py numpy pandas scipy tensorflow,yes,88af7d0c97497b5c3a198ee9416b2accfbc72c36,4b54657ab4806b0aaef8f8eeb973edb83c3d3483,tests/test_loss_masking.py,https://github.com/keras-team/keras,https://github.com/soarsmu/BugsInPy/tree/11c5f1eea954a42132cfd06bf257766a7963e0fd/projects/keras/bugs/6
keras,7,3.7.3,"Docker, Python 3.7",3: large native stack to compile,h5py numpy pandas scipy tensorflow,yes,26b620fb37c885d60183f83abc744f43775ce75a,c05ef1fd95a6024155ab59656fef8dac5a45c335,tests/keras/wrappers/scikit_learn_test.py,https://github.com/keras-team/keras,https://github.com/soarsmu/BugsInPy/tree/11c5f1eea954a42132cfd06bf257766a7963e0fd/projects/keras/bugs/7
keras,8,3.7.3,"Docker, Python 3.7",3: large native stack to compile,h5py numpy pandas scipy tensorflow,yes,87540a2a2f42e00c4a2ca7ca35d19f96e62e6cb0,d78c982b326adeed6ac25200dc6892ff8f518ca6,tests/keras/engine/test_topology.py,https://github.com/keras-team/keras,https://github.com/soarsmu/BugsInPy/tree/11c5f1eea954a42132cfd06bf257766a7963e0fd/projects/keras/bugs/8
keras,9,3.7.3,"Docker, Python 3.7",3: large native stack to compile,h5py numpy pandas scipy tensorflow,yes,0cd3b07eb5de1aaaad84d1ff7f7c2ed7dab4b23c,0505393746d56ddacc34bb1c016dba79429c9ac9,tests/test_doc_auto_generation.py,https://github.com/keras-team/keras,https://github.com/soarsmu/BugsInPy/tree/11c5f1eea954a42132cfd06bf257766a7963e0fd/projects/keras/bugs/9
keras,10,3.7.3,"Docker, Python 3.7",3: large native stack to compile,h5py numpy pandas scipy tensorflow,yes,8f41e41eda6e8ea96403cae5798a5a89c8bb5605,c1c4afe60b1355a6c0e83577791a0423f37a3324,tests/keras/engine/test_training.py,https://github.com/keras-team/keras,https://github.com/soarsmu/BugsInPy/tree/11c5f1eea954a42132cfd06bf257766a7963e0fd/projects/keras/bugs/10
keras,11,3.7.3,"Docker, Python 3.7",3: large native stack to compile,h5py numpy pandas scipy tensorflow,yes,36b9e4c055f32718a036cabaf767325b010c7485,d6b5c5ebb410e3366c9d7aca41977a60134bfe10,tests/integration_tests/test_image_data_tasks.py,https://github.com/keras-team/keras,https://github.com/soarsmu/BugsInPy/tree/11c5f1eea954a42132cfd06bf257766a7963e0fd/projects/keras/bugs/11
keras,12,3.7.3,"Docker, Python 3.7",3: large native stack to compile,h5py numpy pandas scipy tensorflow,yes,6dff721a3a8755356b2e89d02ef63ad8ab38ec95,6dff721a3a8755356b2e89d02ef63ad8ab38ec95,tests/keras/metrics_test.py,https://github.com/keras-team/keras,https://github.com/soarsmu/BugsInPy/tree/11c5f1eea954a42132cfd06bf257766a7963e0fd/projects/keras/bugs/12
keras,13,3.7.3,"Docker, Python 3.7",3: large native stack to compile,h5py numpy pandas scipy tensorflow,yes,2bfd1f2c950df5fc3f40b903c1966f1b0a48bee4,a07253d8269e1b750f0a64767cc9a07da8a3b7ea,tests/keras/engine/test_training.py,https://github.com/keras-team/keras,https://github.com/soarsmu/BugsInPy/tree/11c5f1eea954a42132cfd06bf257766a7963e0fd/projects/keras/bugs/13
keras,14,3.7.3,"Docker, Python 3.7",3: large native stack to compile,h5py numpy pandas scipy tensorflow,yes,98465b85d020f1326bcef7632f1261a9a7a84e92,02bc5010a04bb11c8e91835cc9775c8149dec754,tests/keras/metrics_test.py,https://github.com/keras-team/keras,https://github.com/soarsmu/BugsInPy/tree/11c5f1eea954a42132cfd06bf257766a7963e0fd/projects/keras/bugs/14
keras,15,3.7.3,"Docker, Python 3.7",3: large native stack to compile,h5py numpy pandas scipy tensorflow,yes,5b6243485acc20cc36f2db4f258512c332d691ec,f60313e29657b2afb6a02f28dba5936bc0dd09e6,tests/keras/test_callbacks.py,https://github.com/keras-team/keras,https://github.com/soarsmu/BugsInPy/tree/11c5f1eea954a42132cfd06bf257766a7963e0fd/projects/keras/bugs/15
keras,16,3.7.3,"Docker, Python 3.7",3: large native stack to compile,h5py numpy pandas scipy tensorflow,yes,514aca20c6f076a86819d7180f36c3b2e8bcc33b,fe38f9dfc8c732a77ac03507b63c79b1d2acfba2,tests/keras/test_sequential_model.py,https://github.com/keras-team/keras,https://github.com/soarsmu/BugsInPy/tree/11c5f1eea954a42132cfd06bf257766a7963e0fd/projects/keras/bugs/16
keras,17,3.7.3,"Docker, Python 3.7",3: large native stack to compile,h5py numpy pandas scipy tensorflow,yes,c913b6da92f6ab9a3f4c897caa4085e782a14680,5a6af4bc6d44e9adbc2a21804bfcd18c4ce849ef,tests/keras/metrics_test.py,https://github.com/keras-team/keras,https://github.com/soarsmu/BugsInPy/tree/11c5f1eea954a42132cfd06bf257766a7963e0fd/projects/keras/bugs/17
keras,18,3.7.3,"Docker, Python 3.7",3: large native stack to compile,h5py numpy pandas scipy tensorflow,yes,9400be98783135a1d42dd238f4e6c3aa048eceea,244546c2fe5165b6770eb456afd5fac8878473c5,tests/keras/backend/backend_test.py,https://github.com/keras-team/keras,https://github.com/soarsmu/BugsInPy/tree/11c5f1eea954a42132cfd06bf257766a7963e0fd/projects/keras/bugs/18
keras,19,3.7.3,"Docker, Python 3.7",3: large native stack to compile,h5py numpy pandas scipy tensorflow,yes,f9210387088fe91b5bc8999cf0cb41a0fe9eacf6,66f8cc7ac4942f7f9fe0164a2a854a6264b87735,tests/keras/layers/recurrent_test.py,https://github.com/keras-team/keras,https://github.com/soarsmu/BugsInPy/tree/11c5f1eea954a42132cfd06bf257766a7963e0fd/projects/keras/bugs/19
keras,20,3.7.3,"Docker, Python 3.7",3: large native stack to compile,h5py numpy pandas scipy tensorflow,yes,76da5f0a21ca98e4bf6706e182fb825243e76204,6dd087ab73b09e449144ff17450cc14f981b9ac2,tests/keras/layers/convolutional_test.py,https://github.com/keras-team/keras,https://github.com/soarsmu/BugsInPy/tree/11c5f1eea954a42132cfd06bf257766a7963e0fd/projects/keras/bugs/20
keras,21,3.7.3,"Docker, Python 3.7",3: large native stack to compile,h5py numpy pandas scipy tensorflow cffi,yes,c7b7328cc99fd5d7c298e57c6020043451d89a61,1fc585adb57f20a2acf69f0cd08b731259b8d2f8,tests/keras/test_callbacks.py,https://github.com/keras-team/keras,https://github.com/soarsmu/BugsInPy/tree/11c5f1eea954a42132cfd06bf257766a7963e0fd/projects/keras/bugs/21
keras,22,3.7.3,"Docker, Python 3.7",3: large native stack to compile,h5py numpy pandas scipy tensorflow cffi,yes,54386efa549f850dff13f79fc3af67799a4e5d4f,ee02d256611b17d11e37b86bd4f618d7f2a37d84,tests/keras/layers/core_test.py,https://github.com/keras-team/keras,https://github.com/soarsmu/BugsInPy/tree/11c5f1eea954a42132cfd06bf257766a7963e0fd/projects/keras/bugs/22
keras,23,3.7.3,"Docker, Python 3.7",3: large native stack to compile,h5py numpy pandas scipy tensorflow cffi,yes,3dcd9c767ce6875fc8b69c74971ac8a552e23131,69c30a150f0b2caee7961ca1c0080960ef5ad6f6,tests/keras/test_sequential_model.py,https://github.com/keras-team/keras,https://github.com/soarsmu/BugsInPy/tree/11c5f1eea954a42132cfd06bf257766a7963e0fd/projects/keras/bugs/23
keras,24,3.7.3,"Docker, Python 3.7",3: large native stack to compile,h5py numpy pandas scipy tensorflow cffi,yes,d7884570b10951d156aa086ee29a4df9eab79cf3,bcf0031b54d555179be81c088cc3df0a723d7907,tests/keras/test_callbacks.py,https://github.com/keras-team/keras,https://github.com/soarsmu/BugsInPy/tree/11c5f1eea954a42132cfd06bf257766a7963e0fd/projects/keras/bugs/24
keras,25,3.7.3,"Docker, Python 3.7",3: large native stack to compile,h5py numpy pandas scipy tensorflow cffi,yes,b470a595f7278acf5e7e47521edf25d3c4f479f1,84e168b5fa55933e02e767ff7c86fcc0232aecc6,tests/keras/applications/imagenet_utils_test.py,https://github.com/keras-team/keras,https://github.com/soarsmu/BugsInPy/tree/11c5f1eea954a42132cfd06bf257766a7963e0fd/projects/keras/bugs/25
keras,26,3.7.3,"Docker, Python 3.7",3: large native stack to compile,h5py numpy pandas scipy tensorflow cffi,yes,87417470c8168772559be0531e297120c569a422,97d5fa920e4f8248128f7c1b460fd9bb20d3478f,tests/keras/backend/backend_test.py,https://github.com/keras-team/keras,https://github.com/soarsmu/BugsInPy/tree/11c5f1eea954a42132cfd06bf257766a7963e0fd/projects/keras/bugs/26
keras,27,3.7.3,"Docker, Python 3.7",3: large native stack to compile,h5py numpy scipy tensorflow,yes,49f5b931410bc2e56378f20a15e8ac919e0efb88,b076e227da6beaf87d6c84eff1a92285e4662acf,tests/keras/layers/wrappers_test.py,https://github.com/keras-team/keras,https://github.com/soarsmu/BugsInPy/tree/11c5f1eea954a42132cfd06bf257766a7963e0fd/projects/keras/bugs/27
keras,28,3.7.3,"Docker, Python 3.7",3: large native stack to compile,h5py numpy scipy tensorflow,yes,6171b3656ebd9b6038f709ba83f7475de284ba4e,5422fdd38baad36730cb6aeb946e17eeae6a551c,tests/keras/preprocessing/sequence_test.py,https://github.com/keras-team/keras,https://github.com/soarsmu/BugsInPy/tree/11c5f1eea954a42132cfd06bf257766a7963e0fd/projects/keras/bugs/28
keras,29,3.7.3,"Docker, Python 3.7",3: large native stack to compile,h5py numpy scipy tensorflow,yes,a341c014412cbfc86a9dd9816ae228e398dff3a2,adc321b4d7a4e22f6bdb00b404dfe5e23d4887aa,tests/keras/metrics_test.py,https://github.com/keras-team/keras,https://github.com/soarsmu/BugsInPy/tree/11c5f1eea954a42132cfd06bf257766a7963e0fd/projects/keras/bugs/29
keras,30,3.7.3,"Docker, Python 3.7",3: large native stack to compile,h5py numpy pandas scipy tensorflow,yes,c08ef613af27da896cee168daeee5c6fad1980b6,2c8d1d03599cc03243bce8f07ed9c4a3d5f384f9,tests/keras/engine/test_training.py,https://github.com/keras-team/keras,https://github.com/soarsmu/BugsInPy/tree/11c5f1eea954a42132cfd06bf257766a7963e0fd/projects/keras/bugs/30
keras,31,3.7.3,"Docker, Python 3.7",3: large native stack to compile,h5py numpy pandas scipy tensorflow,yes,ced81968b0e9d8b1389e6580721ac60d9cf3ca60,e2a10a5e6e156a45e946c4d08db7133f997c1f9a,tests/keras/backend/backend_test.py,https://github.com/keras-team/keras,https://github.com/soarsmu/BugsInPy/tree/11c5f1eea954a42132cfd06bf257766a7963e0fd/projects/keras/bugs/31
keras,32,3.7.3,"Docker, Python 3.7",3: large native stack to compile,h5py numpy pandas scipy tensorflow,yes,a3d160b9467c99cbb27f9aa0382c759f45c8ee66,709f791af201caaab4aa180bda259989087cfe47,tests/keras/test_callbacks.py,https://github.com/keras-team/keras,https://github.com/soarsmu/BugsInPy/tree/11c5f1eea954a42132cfd06bf257766a7963e0fd/projects/keras/bugs/32
keras,33,3.7.3,"Docker, Python 3.7",3: large native stack to compile,h5py numpy pandas scipy tensorflow,yes,1c9a49781da2101507db23e2014e4e5d16bd2e52,70ad0d6e4a569701ef106058397ad0540ec08340,tests/keras/preprocessing/text_test.py,https://github.com/keras-team/keras,https://github.com/soarsmu/BugsInPy/tree/11c5f1eea954a42132cfd06bf257766a7963e0fd/projects/keras/bugs/33
keras,34,3.7.3,"Docker, Python 3.7",3: large native stack to compile,h5py numpy pandas scipy tensorflow,yes,7ef5244a2f1f7f7b76e3c804b82cbb20cdf4d139,4b74fc5418944c9f449eb88ed4b40ada280fa5ca,tests/test_multiprocessing.py,https://github.com/keras-team/keras,https://github.com/soarsmu/BugsInPy/tree/11c5f1eea954a42132cfd06bf257766a7963e0fd/projects/keras/bugs/34
keras,35,3.7.3,"Docker, Python 3.7",3: large native stack to compile,h5py numpy pandas pillow scipy tensorflow,yes,06eaeebecfb73c23bfd531013ca172ee3bf5069c,738819de0b7e6bc45abed8d0640f02b81c6ac4e9,tests/keras/preprocessing/image_test.py,https://github.com/keras-team/keras,https://github.com/soarsmu/BugsInPy/tree/11c5f1eea954a42132cfd06bf257766a7963e0fd/projects/keras/bugs/35
keras,36,3.7.3,"Docker, Python 3.7",3: large native stack to compile,h5py numpy pandas pillow scipy tensorflow,yes,85f011df5a5c0fcf1f01b39eca338eb6b7e58401,fb1887d132a8ce8548ff53d868a6ba531cd63b34,tests/keras/layers/convolutional_test.py,https://github.com/keras-team/keras,https://github.com/soarsmu/BugsInPy/tree/11c5f1eea954a42132cfd06bf257766a7963e0fd/projects/keras/bugs/36
keras,37,3.7.3,"Docker, Python 3.7",3: large native stack to compile,h5py numpy pandas pillow scipy tensorflow,yes,81f6b3aa5b2b6215a533180e848a3b4dff851d03,1d2ad790dd43a2d702176c1170b2f3fd592a385a,tests/keras/layers/wrappers_test.py,https://github.com/keras-team/keras,https://github.com/soarsmu/BugsInPy/tree/11c5f1eea954a42132cfd06bf257766a7963e0fd/projects/keras/bugs/37
keras,38,3.7.3,"Docker, Python 3.7",3: large native stack to compile,h5py numpy pandas pillow scipy tensorflow cffi,yes,53ec990d54130dd0a457dd235c93d39de32d571d,64f80d6077edd5f277a1181df94bf4510ea0517a,tests/keras/layers/recurrent_test.py,https://github.com/keras-team/keras,https://github.com/soarsmu/BugsInPy/tree/11c5f1eea954a42132cfd06bf257766a7963e0fd/projects/keras/bugs/38
keras,39,3.7.3,"Docker, Python 3.7",3: large native stack to compile,h5py numpy pandas pillow scipy tensorflow cffi,yes,3a431ea52d090fb3ef8a1e0e5d7f796d9a42e097,a5ecde595c47f35fd7293d52eba48efd687ca94e,tests/keras/utils/generic_utils_test.py,https://github.com/keras-team/keras,https://github.com/soarsmu/BugsInPy/tree/11c5f1eea954a42132cfd06bf257766a7963e0fd/projects/keras/bugs/39
keras,40,3.7.3,"Docker, Python 3.7",3: large native stack to compile,h5py numpy pandas pillow scipy tensorflow cffi,yes,871007dbb0e6211459b9d16244cc3c9683459df7,4cad455ef4da600c96ddc69800bab39d0e52b677,tests/keras/layers/recurrent_test.py,https://github.com/keras-team/keras,https://github.com/soarsmu/BugsInPy/tree/11c5f1eea954a42132cfd06bf257766a7963e0fd/projects/keras/bugs/40
keras,41,3.7.3,"Docker, Python 3.7",3: large native stack to compile,h5py numpy pandas pillow scipy tensorflow cffi,yes,a27b4a51f4880ad3a7669531b667c1ef44b173ef,4a58b178073f0ba3b166220f7ebd7d56149bfb20,tests/keras/utils/data_utils_test.py,https://github.com/keras-team/keras,https://github.com/soarsmu/BugsInPy/tree/11c5f1eea954a42132cfd06bf257766a7963e0fd/projects/keras/bugs/41
keras,42,3.7.3,"Docker, Python 3.7",3: large native stack to compile,h5py numpy pandas pillow scipy tensorflow cffi,yes,67a432c273cbd65866b1d2cb1e2c62714b633b6e,2f3edf96078d78450b985bdf3bfffe7e0c627169,tests/keras/engine/test_training.py,https://github.com/keras-team/keras,https://github.com/soarsmu/BugsInPy/tree/11c5f1eea954a42132cfd06bf257766a7963e0fd/projects/keras/bugs/42
keras,43,3.7.3,"Docker, Python 3.7",3: large native stack to compile,h5py numpy pandas pillow scipy tensorflow cffi,yes,e3e97c401aa8251e957b73fba8ed4d108c106f12,b17169ca5d6cd1c8aeb237fc2bb0555c9e1b6a02,tests/keras/utils/np_utils_test.py,https://github.com/keras-team/keras,https://github.com/soarsmu/BugsInPy/tree/11c5f1eea954a42132cfd06bf257766a7963e0fd/projects/keras/bugs/43
keras,44,3.7.3,"Docker, Python 3.7",3: large native stack to compile,h5py numpy pandas pillow scipy tensorflow cffi,yes,cc08f0f01fe97a9659e3da8fa9b290a54992c74a,3292aa5a30350c67627f173ceac713956f68271f,tests/keras/layers/recurrent_test.py,https://github.com/keras-team/keras,https://github.com/soarsmu/BugsInPy/tree/11c5f1eea954a42132cfd06bf257766a7963e0fd/projects/keras/bugs/44
keras,45,3.7.3,"Docker, Python 3.7",3: large native stack to compile,h5py numpy pandas pillow scipy tensorflow cffi,yes,d368dc870bfd8fdd4ca0ff82bd5b61aa549291c5,159bb1aac17a8de0f96997d35703b8f26926a848,tests/keras/layers/recurrent_test.py,https://github.com/keras-team/keras,https://github.com/soarsmu/BugsInPy/tree/11c5f1eea954a42132cfd06bf257766a7963e0fd/projects/keras/bugs/45
luigi,1,3.8.3,"uv, Python 3.8",3: large native stack to compile,cryptography lxml numpy pillow aiohttp cffi httptools multidict psutil regex typed-ast yarl,yes,1164eb6b85b8a70f596dbb99452bec513e72c12e,aec5dc2ed8db53fc282a0bd24aabe59031b6d1ba,test/server_test.py,https://github.com/spotify/luigi,https://github.com/soarsmu/BugsInPy/tree/11c5f1eea954a42132cfd06bf257766a7963e0fd/projects/luigi/bugs/1
luigi,2,3.8.3,"uv, Python 3.8",3: large native stack to compile,cryptography lxml numpy pillow aiohttp cffi httptools multidict psutil regex typed-ast yarl,yes,baa54c9f4f809692d62d4c3e4497161717c76550,24e85945ae39e5975491527e00c3f0f64b42ea6e,test/contrib/beam_dataflow_test.py,https://github.com/spotify/luigi,https://github.com/soarsmu/BugsInPy/tree/11c5f1eea954a42132cfd06bf257766a7963e0fd/projects/luigi/bugs/2
luigi,3,3.8.3,"uv, Python 3.8",3: large native stack to compile,cryptography lxml numpy pillow aiohttp cffi httptools multidict psutil regex typed-ast yarl,yes,a0f1db01ddab5b4b2bda3fbe58bad09a6d94a7b4,3a0bfbff69addfb3be1107adab3d4914bcae3e4b,test/parameter_test.py,https://github.com/spotify/luigi,https://github.com/soarsmu/BugsInPy/tree/11c5f1eea954a42132cfd06bf257766a7963e0fd/projects/luigi/bugs/3
luigi,4,3.8.3,"uv, Python 3.8",3: large native stack to compile,cryptography lxml numpy pillow aiohttp cffi httptools multidict psutil regex typed-ast yarl,yes,ffa51b50103a3adaf3c4d0569fdb037a7ba01e8e,8501e5dbb8d3040453a89bb0d3562526086d51e5,test/contrib/redshift_test.py,https://github.com/spotify/luigi,https://github.com/soarsmu/BugsInPy/tree/11c5f1eea954a42132cfd06bf257766a7963e0fd/projects/luigi/bugs/4
luigi,5,3.8.3,"uv, Python 3.8",3: large native stack to compile,cryptography lxml numpy pillow aiohttp cffi httptools multidict psutil regex typed-ast yarl,yes,45b5711d1900184ccd66c65216d28c0d69d10d4a,1fbec18ceb7c5de352e6d1df12960c61f09e67c2,test/util_test.py,https://github.com/spotify/luigi,https://github.com/soarsmu/BugsInPy/tree/11c5f1eea954a42132cfd06bf257766a7963e0fd/projects/luigi/bugs/5
luigi,6,3.8.3,"uv, Python 3.8",3: large native stack to compile,cryptography lxml numpy pillow aiohttp cffi httptools multidict psutil regex typed-ast yarl,yes,d9667b7c8ce75f17efa383e8f64e27e5852e6f89,ce881b2a95743887c6147ff4ba23ce5f622b3f5e,test/parameter_test.py,https://github.com/spotify/luigi,https://github.com/soarsmu/BugsInPy/tree/11c5f1eea954a42132cfd06bf257766a7963e0fd/projects/luigi/bugs/6
luigi,7,3.8.3,"uv, Python 3.8",3: large native stack to compile,cryptography lxml numpy pillow aiohttp cffi httptools multidict psutil regex typed-ast yarl,yes,dd1f2ce0061e7787166522a3c75339ba4755dd2c,daf9ce99a3a7ed4227d1564570c5fce8848357e5,test/scheduler_api_test.py,https://github.com/spotify/luigi,https://github.com/soarsmu/BugsInPy/tree/11c5f1eea954a42132cfd06bf257766a7963e0fd/projects/luigi/bugs/7
luigi,8,3.8.3,"uv, Python 3.8",3: large native stack to compile,cryptography lxml numpy pillow aiohttp cffi httptools multidict psutil regex typed-ast yarl,yes,61ee32e9968978c32be12a6af0affa3a5750e87e,8874b93165953c4f6bbe7b747804654d13290018,test/contrib/redshift_test.py,https://github.com/spotify/luigi,https://github.com/soarsmu/BugsInPy/tree/11c5f1eea954a42132cfd06bf257766a7963e0fd/projects/luigi/bugs/8
luigi,9,3.8.3,"uv, Python 3.8",3: large native stack to compile,cryptography lxml numpy pillow aiohttp cffi httptools multidict psutil regex typed-ast yarl,yes,f7e0b7710fd8b12f27625b1efb62a8fde6e206c4,b7115974c3deadf77113686248b39567cb67e38f,test/execution_summary_test.py,https://github.com/spotify/luigi,https://github.com/soarsmu/BugsInPy/tree/11c5f1eea954a42132cfd06bf257766a7963e0fd/projects/luigi/bugs/9
luigi,10,3.8.3,"uv, Python 3.8",3: large native stack to compile,cryptography lxml numpy pillow aiohttp cffi httptools multidict psutil regex typed-ast yarl,yes,f538d1b3d473d542a19d508e5f7e0809b1dfe5ef,3c55acd2cd5cf9c6c760bec5bb3159e0bc48a614,test/scheduler_test.py,https://github.com/spotify/luigi,https://github.com/soarsmu/BugsInPy/tree/11c5f1eea954a42132cfd06bf257766a7963e0fd/projects/luigi/bugs/10
luigi,11,3.8.3,"uv, Python 3.8",3: large native stack to compile,cryptography lxml numpy pillow aiohttp cffi httptools multidict psutil regex typed-ast yarl,yes,bf8b5cba573d5d6cd11f7f10a03b458aeaf955c1,70d8734d60e168389f425082b41b1936d63c028e,test/scheduler_api_test.py,https://github.com/spotify/luigi,https://github.com/soarsmu/BugsInPy/tree/11c5f1eea954a42132cfd06bf257766a7963e0fd/projects/luigi/bugs/11
luigi,12,3.8.3,"uv, Python 3.8",3: large native stack to compile,cryptography lxml numpy pillow aiohttp cffi httptools multidict psutil regex typed-ast yarl,yes,c3119757c9ad4141fb446554109fa09cbd31173c,b3e9ad57f8502a390686957b69070105fddcfd49,test/hdfs_client_test.py,https://github.com/spotify/luigi,https://github.com/soarsmu/BugsInPy/tree/11c5f1eea954a42132cfd06bf257766a7963e0fd/projects/luigi/bugs/12
luigi,13,3.8.3,"uv, Python 3.8",3: large native stack to compile,cryptography lxml numpy pillow aiohttp cffi httptools multidict psutil regex typed-ast yarl,yes,3c90bcdac63d978dbdaeae408420e22b963c9863,a8e64fe7f83d69702166a44c7e8cb9470ff31040,test/file_test.py,https://github.com/spotify/luigi,https://github.com/soarsmu/BugsInPy/tree/11c5f1eea954a42132cfd06bf257766a7963e0fd/projects/luigi/bugs/13
luigi,14,3.8.3,"uv, Python 3.8",3: large native stack to compile,cryptography lxml numpy pillow aiohttp cffi httptools multidict psutil regex typed-ast yarl,yes,f7219c38121098d464011a094156d99b5b320362,43f2de2646c8e1efd6e17ffabbb11accc21e70b6,test/central_planner_test.py,https://github.com/spotify/luigi,https://github.com/soarsmu/BugsInPy/tree/11c5f1eea954a42132cfd06bf257766a7963e0fd/projects/luigi/bugs/14
luigi,15,3.8.3,"uv, Python 3.8",3: large native stack to compile,cryptography lxml numpy pillow aiohttp cffi httptools multidict psutil regex typed-ast yarl,yes,a822f55d4d7c5adf5b9e3b64f23189d8305e9bf9,736c0f1352463c20ece84f2f651bcd37fd2b88ae,test/central_planner_test.py,https://github.com/spotify/luigi,https://github.com/soarsmu/BugsInPy/tree/11c5f1eea954a42132cfd06bf257766a7963e0fd/projects/luigi/bugs/15
luigi,16,3.8.3,"uv, Python 3.8",3: large native stack to compile,cryptography lxml numpy pillow aiohttp cffi httptools multidict psutil regex typed-ast yarl,yes,e38392a1381dd8daee0f180f0ac7f651edb88e0c,96f2b5a97c2cc5f63bea0f422c57f93dcec0ebac,test/central_planner_test.py,https://github.com/spotify/luigi,https://github.com/soarsmu/BugsInPy/tree/11c5f1eea954a42132cfd06bf257766a7963e0fd/projects/luigi/bugs/16
luigi,17,3.8.3,"uv, Python 3.8",3: large native stack to compile,cryptography lxml numpy pillow aiohttp cffi httptools multidict psutil regex typed-ast yarl,yes,c39922350cba3a93c96c2ed223283bf8cf315a7d,e38392a1381dd8daee0f180f0ac7f651edb88e0c,test/scheduler_test.py,https://github.com/spotify/luigi,https://github.com/soarsmu/BugsInPy/tree/11c5f1eea954a42132cfd06bf257766a7963e0fd/projects/luigi/bugs/17
luigi,18,3.8.3,"uv, Python 3.8",3: large native stack to compile,cryptography lxml numpy pillow aiohttp cffi httptools multidict psutil regex typed-ast yarl,yes,6cffbf438d023441f7f42c2019a51c62eecd9018,c521d59c5eacf6c19ce3c17a62f73e042fa0556e,test/central_planner_test.py,https://github.com/spotify/luigi,https://github.com/soarsmu/BugsInPy/tree/11c5f1eea954a42132cfd06bf257766a7963e0fd/projects/luigi/bugs/18
luigi,19,3.8.3,"uv, Python 3.8",3: large native stack to compile,cryptography lxml numpy pillow aiohttp cffi httptools multidict psutil regex typed-ast yarl,yes,3d2f75224c7649402927a5ef57558d8c3717cd94,6cffbf438d023441f7f42c2019a51c62eecd9018,test/central_planner_test.py,https://github.com/spotify/luigi,https://github.com/soarsmu/BugsInPy/tree/11c5f1eea954a42132cfd06bf257766a7963e0fd/projects/luigi/bugs/19
luigi,20,3.8.3,"uv, Python 3.8",3: large native stack to compile,cryptography lxml numpy pillow aiohttp cffi httptools multidict psutil regex typed-ast yarl,yes,b958140c2ec838e590a5be02dbac7414d5d0bf17,c3d685e2b03369aab6f4d86ed1c95169c1c2c217,test/task_test.py,https://github.com/spotify/luigi,https://github.com/soarsmu/BugsInPy/tree/11c5f1eea954a42132cfd06bf257766a7963e0fd/projects/luigi/bugs/20
luigi,21,3.8.3,"uv, Python 3.8",3: large native stack to compile,cryptography lxml numpy pillow aiohttp cffi httptools multidict psutil regex typed-ast yarl,yes,b7768da963570bd2223d97c1035f811c2eaf30b4,1a6a89d8b510089392bb407d4ec660451deb1f23,test/interface_test.py,https://github.com/spotify/luigi,https://github.com/soarsmu/BugsInPy/tree/11c5f1eea954a42132cfd06bf257766a7963e0fd/projects/luigi/bugs/21
luigi,22,3.8.3,"uv, Python 3.8",3: large native stack to compile,cryptography lxml numpy pillow aiohttp cffi httptools multidict psutil regex typed-ast yarl,yes,9c4c47ae449593c55fb67ce51115d0be1fecb163,2db9768958c9665c2bb78f040054a25534205fc4,test/scheduler_test.py,https://github.com/spotify/luigi,https://github.com/soarsmu/BugsInPy/tree/11c5f1eea954a42132cfd06bf257766a7963e0fd/projects/luigi/bugs/22
luigi,23,3.8.3,"uv, Python 3.8",3: large native stack to compile,cryptography lxml numpy pillow aiohttp cffi httptools multidict psutil regex typed-ast yarl,yes,c707253572deb795a900c3e07d21eee591a55fca,dc41727f4de88f86f4e77aa45be51eff4ee6b3be,test/worker_external_task_test.py,https://github.com/spotify/luigi,https://github.com/soarsmu/BugsInPy/tree/11c5f1eea954a42132cfd06bf257766a7963e0fd/projects/luigi/bugs/23
luigi,24,3.8.3,"uv, Python 3.8",3: large native stack to compile,cryptography lxml numpy pillow aiohttp cffi httptools multidict psutil regex typed-ast yarl,yes,572fce617a3b8133983cdee2b2cc336a65af5abe,8a4f73296f237fcf8182c342e62c2cb201c717df,test/contrib/spark_test.py,https://github.com/spotify/luigi,https://github.com/soarsmu/BugsInPy/tree/11c5f1eea954a42132cfd06bf257766a7963e0fd/projects/luigi/bugs/24
luigi,25,3.8.3,"uv, Python 3.8",3: large native stack to compile,cryptography lxml numpy pillow aiohttp cffi httptools multidict psutil regex typed-ast yarl,yes,d7ec31609c88503391d12d65b6037f397feff816,040bbc9ef8d1703b64d13c60f271fded63e13601,test/contrib/redshift_test.py,https://github.com/spotify/luigi,https://github.com/soarsmu/BugsInPy/tree/11c5f1eea954a42132cfd06bf257766a7963e0fd/projects/luigi/bugs/25
luigi,26,3.8.3,"uv, Python 3.8",3: large native stack to compile,cryptography lxml numpy pillow aiohttp cffi httptools multidict psutil regex typed-ast yarl,yes,ed351ca3c3baf3657de584db08dfe0414fa000a3,13673fd488c25325db633b1d49e664fb937fabc2,test/contrib/hadoop_jar_test.py,https://github.com/spotify/luigi,https://github.com/soarsmu/BugsInPy/tree/11c5f1eea954a42132cfd06bf257766a7963e0fd/projects/luigi/bugs/26
luigi,27,3.8.3,"uv, Python 3.8",3: large native stack to compile,cryptography lxml numpy pillow aiohttp cffi httptools multidict psutil regex typed-ast yarl,yes,69dfec33dc7c34d551ddc71742fa9c847295b01f,fa17292ebb54c8b83db8cf0995618a2a057103a6,test/parameter_test.py,https://github.com/spotify/luigi,https://github.com/soarsmu/BugsInPy/tree/11c5f1eea954a42132cfd06bf257766a7963e0fd/projects/luigi/bugs/27
luigi,28,3.8.3,"uv, Python 3.8",3: large native stack to compile,cryptography lxml numpy pillow aiohttp cffi httptools multidict psutil regex typed-ast yarl,yes,e37cb0ea1d97e6340840128a68c8d59bd05c28c3,e2be971226c34a193d7029c51206e488b6a037cd,test/contrib/hive_test.py,https://github.com/spotify/luigi,https://github.com/soarsmu/BugsInPy/tree/11c5f1eea954a42132cfd06bf257766a7963e0fd/projects/luigi/bugs/28
luigi,29,3.8.3,"uv, Python 3.8",3: large native stack to compile,cryptography lxml numpy pillow aiohttp cffi httptools multidict psutil regex typed-ast yarl,yes,07efdd9136966ffe143ea57e15b1a57b5698fd5a,2898a2d2d178499435892d7a69bb1dfc90c70b29,test/task_test.py,https://github.com/spotify/luigi,https://github.com/soarsmu/BugsInPy/tree/11c5f1eea954a42132cfd06bf257766a7963e0fd/projects/luigi/bugs/29
luigi,30,3.8.3,"uv, Python 3.8",3: large native stack to compile,cryptography lxml numpy pillow aiohttp cffi httptools multidict psutil regex typed-ast yarl,yes,97fa4afea3748f0d714482d2c97990bb467bc9d1,f1e3fb48fe9877e511a2d079636fd75eaaba4573,test/test_event_callbacks.py,https://github.com/spotify/luigi,https://github.com/soarsmu/BugsInPy/tree/11c5f1eea954a42132cfd06bf257766a7963e0fd/projects/luigi/bugs/30
luigi,31,3.8.3,"uv, Python 3.8",3: large native stack to compile,cryptography lxml numpy pillow aiohttp cffi httptools multidict psutil regex typed-ast yarl,yes,554850f32784537796383db5ee188d0455863ca9,c0857e9e06012b696017e0a353ae74f4f621d066,test/central_planner_test.py,https://github.com/spotify/luigi,https://github.com/soarsmu/BugsInPy/tree/11c5f1eea954a42132cfd06bf257766a7963e0fd/projects/luigi/bugs/31
luigi,32,3.8.3,"uv, Python 3.8",3: large native stack to compile,cryptography lxml numpy pillow aiohttp cffi httptools multidict psutil regex typed-ast yarl,yes,7233a0cc3e34c7c14259b1fa046f66332914f410,027ac3fbcf66d5d21554c9ac6da26eee5c2e0f3d,test/instance_test.py,https://github.com/spotify/luigi,https://github.com/soarsmu/BugsInPy/tree/11c5f1eea954a42132cfd06bf257766a7963e0fd/projects/luigi/bugs/32
luigi,33,3.8.3,"uv, Python 3.8",3: large native stack to compile,cryptography lxml numpy pillow aiohttp cffi httptools multidict psutil regex typed-ast yarl,yes,a7c0662eab78fd226fd7ef6b4461d7199336cbb1,fccb631a14e1d52138d39f06004be14ca8f3337d,test/parameter_test.py,https://github.com/spotify/luigi,https://github.com/soarsmu/BugsInPy/tree/11c5f1eea954a42132cfd06bf257766a7963e0fd/projects/luigi/bugs/33
matplotlib,1,3.8.1,"uv, Python 3.8",3: large native stack to compile,project-itself,no,c404d1f716e8aaefd4d7371ff49673e9c1f7f07c,5324adaec6a7fd3d78dea7b28451d5f6e95392a6,lib/matplotlib/tests/test_bbox_tight.py,https://github.com/matplotlib/matplotlib,https://github.com/soarsmu/BugsInPy/tree/11c5f1eea954a42132cfd06bf257766a7963e0fd/projects/matplotlib/bugs/1
matplotlib,2,3.8.1,"uv, Python 3.8",3: large native stack to compile,project-itself,no,2a3707d9c3472b1a010492322b6946388d4989ae,d86cc2bab8183fd3288ed474e4dfd33e0f018908,lib/matplotlib/tests/test_axes.py,https://github.com/matplotlib/matplotlib,https://github.com/soarsmu/BugsInPy/tree/11c5f1eea954a42132cfd06bf257766a7963e0fd/projects/matplotlib/bugs/2
matplotlib,3,3.8.1,"uv, Python 3.8",3: large native stack to compile,project-itself,no,5e046f72ae82788788c7e9b9354b87b131891cd8,2a3707d9c3472b1a010492322b6946388d4989ae,lib/matplotlib/tests/test_marker.py,https://github.com/matplotlib/matplotlib,https://github.com/soarsmu/BugsInPy/tree/11c5f1eea954a42132cfd06bf257766a7963e0fd/projects/matplotlib/bugs/3
matplotlib,4,3.8.1,"uv, Python 3.8",3: large native stack to compile,project-itself,no,793c6b05381231371267b44b107726f3878e14f2,fafa132484872141431a5be3727eab1d8b3c7b82,lib/matplotlib/tests/test_axes.py,https://github.com/matplotlib/matplotlib,https://github.com/soarsmu/BugsInPy/tree/11c5f1eea954a42132cfd06bf257766a7963e0fd/projects/matplotlib/bugs/4
matplotlib,5,3.8.1,"uv, Python 3.8",3: large native stack to compile,project-itself,no,49593b73854e10ace8f3c05343220328def6a328,66289c4f1895b8c65ca92a03d92f6b1cfa552267,lib/matplotlib/tests/test_axes.py,https://github.com/matplotlib/matplotlib,https://github.com/soarsmu/BugsInPy/tree/11c5f1eea954a42132cfd06bf257766a7963e0fd/projects/matplotlib/bugs/5
matplotlib,6,3.8.1,"uv, Python 3.8",3: large native stack to compile,project-itself,no,fb9e72309aeefb51d1a56ecbdb1e7399d105ff06,d84f4a7ac8d43d1288cb8ce11ab60ae557306b7e,lib/matplotlib/tests/test_axes.py,https://github.com/matplotlib/matplotlib,https://github.com/soarsmu/BugsInPy/tree/11c5f1eea954a42132cfd06bf257766a7963e0fd/projects/matplotlib/bugs/6
matplotlib,7,3.8.1,"uv, Python 3.8",3: large native stack to compile,project-itself,no,969513e2a5227331a2eb9e4bc4ba8448a0f9831d,ac400b51bb31b91920ee9aae02a0606a67983a8f,lib/matplotlib/tests/test_colors.py,https://github.com/matplotlib/matplotlib,https://github.com/soarsmu/BugsInPy/tree/11c5f1eea954a42132cfd06bf257766a7963e0fd/projects/matplotlib/bugs/7
matplotlib,8,3.8.1,"uv, Python 3.8",3: large native stack to compile,project-itself,no,54bd6f19b23dc940a4d572583c449613b6b1ae3c,2f41868de465b86d2fc357f7ed58ff323d58030f,lib/matplotlib/tests/test_axes.py,https://github.com/matplotlib/matplotlib,https://github.com/soarsmu/BugsInPy/tree/11c5f1eea954a42132cfd06bf257766a7963e0fd/projects/matplotlib/bugs/8
matplotlib,9,3.8.1,"uv, Python 3.8",3: large native stack to compile,project-itself,no,8673167d4c44dc2ede02fedd718dadf7f88e102d,c01f9d3eff9b6239446c1bb2d205eccd69054aeb,lib/matplotlib/tests/test_polar.py,https://github.com/matplotlib/matplotlib,https://github.com/soarsmu/BugsInPy/tree/11c5f1eea954a42132cfd06bf257766a7963e0fd/projects/matplotlib/bugs/9
matplotlib,10,3.8.1,"uv, Python 3.8",3: large native stack to compile,project-itself,no,b31d64ce3910e8d297d8300690e459587f77181f,1986da3968ee76c6bce8f4c04aed80e23bd4ecfa,lib/matplotlib/tests/test_axes.py,https://github.com/matplotlib/matplotlib,https://github.com/soarsmu/BugsInPy/tree/11c5f1eea954a42132cfd06bf257766a7963e0fd/projects/matplotlib/bugs/10
matplotlib,11,3.8.1,"uv, Python 3.8",3: large native stack to compile,project-itself,no,f8459a513c3f67447ceb1a07c29760d504517ff2,af745264376a10782bd0d8b96d255f958c2950f3,lib/matplotlib/tests/test_text.py,https://github.com/matplotlib/matplotlib,https://github.com/soarsmu/BugsInPy/tree/11c5f1eea954a42132cfd06bf257766a7963e0fd/projects/matplotlib/bugs/11
matplotlib,12,3.8.1,"uv, Python 3.8",3: large native stack to compile,project-itself,no,e92685a26442bfced06067934f34c104487583a8,382be60aec3e6ebbf92f3d5792ba059bf3cfe6cf,lib/matplotlib/tests/test_axes.py,https://github.com/matplotlib/matplotlib,https://github.com/soarsmu/BugsInPy/tree/11c5f1eea954a42132cfd06bf257766a7963e0fd/projects/matplotlib/bugs/12
matplotlib,13,3.8.1,"uv, Python 3.8",3: large native stack to compile,project-itself,no,2c845db9d961ddea6e072c3e6dbb0bec823ac25e,eb4b15b47a4d019f0e9edb2fb0587aebc2dbd8e8,lib/matplotlib/tests/test_path.py,https://github.com/matplotlib/matplotlib,https://github.com/soarsmu/BugsInPy/tree/11c5f1eea954a42132cfd06bf257766a7963e0fd/projects/matplotlib/bugs/13
matplotlib,14,3.8.1,"uv, Python 3.8",3: large native stack to compile,project-itself,no,dbc35a9d625e162445f864b9f463c9961888e901,c986a12b6d0d0d44f5a87f7cd4408f38040e2537,lib/matplotlib/tests/test_text.py,https://github.com/matplotlib/matplotlib,https://github.com/soarsmu/BugsInPy/tree/11c5f1eea954a42132cfd06bf257766a7963e0fd/projects/matplotlib/bugs/14
matplotlib,15,3.8.1,"uv, Python 3.8",3: large native stack to compile,project-itself,no,6a8e39f4eba28e99d7b1dd454b001b987dd0bbca,c7df5d2770030fe4588a0fc1ab4449a689554dfc,lib/matplotlib/tests/test_colors.py,https://github.com/matplotlib/matplotlib,https://github.com/soarsmu/BugsInPy/tree/11c5f1eea954a42132cfd06bf257766a7963e0fd/projects/matplotlib/bugs/15
matplotlib,16,3.8.1,"uv, Python 3.8",3: large native stack to compile,project-itself,no,89ff308306bafac22647c050a42141f040210216,5d99e151be80bcb0b3b6d081fd3038330f573d94,lib/matplotlib/tests/test_colorbar.py,https://github.com/matplotlib/matplotlib,https://github.com/soarsmu/BugsInPy/tree/11c5f1eea954a42132cfd06bf257766a7963e0fd/projects/matplotlib/bugs/16
matplotlib,17,3.8.1,"uv, Python 3.8",3: large native stack to compile,project-itself,no,58c66982d98851c56b045137ced803fd62c6c5e8,05a5db0fec2eced55076736f0b9520641b279ad6,lib/matplotlib/tests/test_colorbar.py,https://github.com/matplotlib/matplotlib,https://github.com/soarsmu/BugsInPy/tree/11c5f1eea954a42132cfd06bf257766a7963e0fd/projects/matplotlib/bugs/17
matplotlib,18,3.8.1,"uv, Python 3.8",3: large native stack to compile,project-itself,no,7d958c63f4fbcd8a28df666d738400b251f89af7,47479b04b6718a65ebaac094db106d44b40da509,lib/matplotlib/tests/test_axes.py,https://github.com/matplotlib/matplotlib,https://github.com/soarsmu/BugsInPy/tree/11c5f1eea954a42132cfd06bf257766a7963e0fd/projects/matplotlib/bugs/18
matplotlib,19,3.8.1,"uv, Python 3.8",3: large native stack to compile,project-itself,no,47cfa35fc01af26498f493affcd8cb42b8fb2fc8,670d5614e884be8013cf5dbb2160b4d33314d771,lib/matplotlib/tests/test_axes.py,https://github.com/matplotlib/matplotlib,https://github.com/soarsmu/BugsInPy/tree/11c5f1eea954a42132cfd06bf257766a7963e0fd/projects/matplotlib/bugs/19
matplotlib,20,3.8.1,"uv, Python 3.8",3: large native stack to compile,project-itself,no,805f451b7122d1ef595c7a01592bb2f500aed41f,5375487ab28c877c8008c5a178e0b81a6e267957,lib/matplotlib/tests/test_axes.py,https://github.com/matplotlib/matplotlib,https://github.com/soarsmu/BugsInPy/tree/11c5f1eea954a42132cfd06bf257766a7963e0fd/projects/matplotlib/bugs/20
matplotlib,21,3.8.1,"uv, Python 3.8",3: large native stack to compile,project-itself,no,e240493a899ac05cb992cdb88f5487386586090e,6fceb054369445d0b20d2864957e8bcfd8d2cb87,lib/matplotlib/tests/test_axes.py,https://github.com/matplotlib/matplotlib,https://github.com/soarsmu/BugsInPy/tree/11c5f1eea954a42132cfd06bf257766a7963e0fd/projects/matplotlib/bugs/21
matplotlib,22,3.8.1,"uv, Python 3.8",3: large native stack to compile,project-itself,no,a87cd8a4c43688137155accdc57ed64fb95e2d40,2349d826a170a10510d1ee8be02eaff51f7ee89f,lib/matplotlib/tests/test_axes.py,https://github.com/matplotlib/matplotlib,https://github.com/soarsmu/BugsInPy/tree/11c5f1eea954a42132cfd06bf257766a7963e0fd/projects/matplotlib/bugs/22
matplotlib,23,3.8.1,"uv, Python 3.8",3: large native stack to compile,project-itself,no,bb6a4af984778dbac55c8391ae29fa2b5b201361,418a1adf597b4d7759dcd64b864bd64cc1b507f4,lib/matplotlib/tests/test_axes.py,https://github.com/matplotlib/matplotlib,https://github.com/soarsmu/BugsInPy/tree/11c5f1eea954a42132cfd06bf257766a7963e0fd/projects/matplotlib/bugs/23
matplotlib,24,3.8.1,"uv, Python 3.8",3: large native stack to compile,project-itself,no,9a5473dbac05f3d6773b42c8e16d58a7dc3159b8,407a9fe71a4c0a8ba4914b8f54f21d32d6dd2d74,lib/matplotlib/tests/test_axes.py,https://github.com/matplotlib/matplotlib,https://github.com/soarsmu/BugsInPy/tree/11c5f1eea954a42132cfd06bf257766a7963e0fd/projects/matplotlib/bugs/24
matplotlib,25,3.8.1,"uv, Python 3.8",3: large native stack to compile,project-itself,no,9a5473dbac05f3d6773b42c8e16d58a7dc3159b8,184225bc5639fbd2f29c1253602806a8b6462d9f,lib/matplotlib/tests/test_collections.py,https://github.com/matplotlib/matplotlib,https://github.com/soarsmu/BugsInPy/tree/11c5f1eea954a42132cfd06bf257766a7963e0fd/projects/matplotlib/bugs/25
matplotlib,26,3.8.1,"uv, Python 3.8",3: large native stack to compile,project-itself,no,04d9d28b820af0b4df230a3c67314ed5b0af8fdd,557375ff91f64c1b827f6014da2d369513a69316,lib/matplotlib/tests/test_axes.py,https://github.com/matplotlib/matplotlib,https://github.com/soarsmu/BugsInPy/tree/11c5f1eea954a42132cfd06bf257766a7963e0fd/projects/matplotlib/bugs/26
matplotlib,27,3.8.1,"uv, Python 3.8",3: large native stack to compile,project-itself,no,11269123d516cda369764a081ddfb8c1a10ddc53,02f25d60139b160fd9b321802b4a2f6c6f3f8672,lib/matplotlib/tests/test_colorbar.py,https://github.com/matplotlib/matplotlib,https://github.com/soarsmu/BugsInPy/tree/11c5f1eea954a42132cfd06bf257766a7963e0fd/projects/matplotlib/bugs/27
matplotlib,28,3.8.1,"uv, Python 3.8",3: large native stack to compile,project-itself,no,896fb8140a600341ebb5eaa4191584f23df2d2a0,94ac78a47cfaed9a09e5fd8295b88e8248b67f55,lib/matplotlib/tests/test_axes.py,https://github.com/matplotlib/matplotlib,https://github.com/soarsmu/BugsInPy/tree/11c5f1eea954a42132cfd06bf257766a7963e0fd/projects/matplotlib/bugs/28
matplotlib,29,3.8.1,"uv, Python 3.8",3: large native stack to compile,project-itself,no,cdf9e30e4f3fb7747b178ee9c3849dfdebee7bd0,fc51b411ba5d0984544ecff97e0a28ea4b6a6d03,lib/matplotlib/tests/test_axes.py,https://github.com/matplotlib/matplotlib,https://github.com/soarsmu/BugsInPy/tree/11c5f1eea954a42132cfd06bf257766a7963e0fd/projects/matplotlib/bugs/29
matplotlib,30,3.8.1,"uv, Python 3.8",3: large native stack to compile,project-itself,no,3b26ee6f6b31bc0cca4be0407dbb40f44756030d,d4de838fe7b38abb02f061540fd93962cc063fc4,lib/matplotlib/tests/test_colors.py,https://github.com/matplotlib/matplotlib,https://github.com/soarsmu/BugsInPy/tree/11c5f1eea954a42132cfd06bf257766a7963e0fd/projects/matplotlib/bugs/30
pandas,1,3.8.3,"uv, Python 3.8",3: large native stack to compile,project-itself cython kiwisolver matplotlib numpy,yes,3fd150c,e41ee47a90bb1d8a1fa28fcefcd45ed8ef5cb946,pandas/tests/dtypes/test_dtypes.py,https://github.com/pandas-dev/pandas,https://github.com/soarsmu/BugsInPy/tree/11c5f1eea954a42132cfd06bf257766a7963e0fd/projects/pandas/bugs/1
pandas,2,3.8.3,"uv, Python 3.8",3: large native stack to compile,project-itself cython kiwisolver matplotlib numpy,yes,2740fb4,55e8891f6d33be14e0db73ac06513129503f995c,pandas/tests/indexing/test_scalar.py,https://github.com/pandas-dev/pandas,https://github.com/soarsmu/BugsInPy/tree/11c5f1eea954a42132cfd06bf257766a7963e0fd/projects/pandas/bugs/2
pandas,3,3.8.3,"uv, Python 3.8",3: large native stack to compile,project-itself cython kiwisolver matplotlib numpy,yes,45fee32,d3a6a3a58e1a6eb68b8b8399ff252b8f4501950e,pandas/tests/series/methods/test_to_period.py;pandas/tests/series/methods/test_to_timestamp.py,https://github.com/pandas-dev/pandas,https://github.com/soarsmu/BugsInPy/tree/11c5f1eea954a42132cfd06bf257766a7963e0fd/projects/pandas/bugs/3
pandas,4,3.8.3,"uv, Python 3.8",3: large native stack to compile,project-itself cython kiwisolver matplotlib numpy,yes,cca710b,2250ddfaff92abaff20a5bcd78315f5d4bd44981,pandas/tests/indexes/multi/test_join.py,https://github.com/pandas-dev/pandas,https://github.com/soarsmu/BugsInPy/tree/11c5f1eea954a42132cfd06bf257766a7963e0fd/projects/pandas/bugs/4
pandas,5,3.8.3,"uv, Python 3.8",3: large native stack to compile,project-itself cython h5py kiwisolver matplotlib numpy scipy,yes,4f4282f8a7c1033fc3efe9f4eab5368a70ae5041,0babe10f1f3f19bb6183b6fb4cc958583c6860c8,pandas/tests/groupby/test_function.py,https://github.com/pandas-dev/pandas,https://github.com/soarsmu/BugsInPy/tree/11c5f1eea954a42132cfd06bf257766a7963e0fd/projects/pandas/bugs/5
pandas,6,3.8.3,"uv, Python 3.8",3: large native stack to compile,project-itself cython kiwisolver matplotlib numpy,yes,21a10d1,8cd8ed3657e52ad9f67e17b7f5c20f7340ab6a2c,pandas/tests/groupby/test_size.py,https://github.com/pandas-dev/pandas,https://github.com/soarsmu/BugsInPy/tree/11c5f1eea954a42132cfd06bf257766a7963e0fd/projects/pandas/bugs/6
pandas,7,3.8.3,"uv, Python 3.8",3: large native stack to compile,project-itself cython h5py kiwisolver matplotlib numpy scipy,yes,27f365d,64336ff8414f8977ff94adb9a5bc000a3a4ef454,pandas/tests/frame/indexing/test_indexing.py,https://github.com/pandas-dev/pandas,https://github.com/soarsmu/BugsInPy/tree/11c5f1eea954a42132cfd06bf257766a7963e0fd/projects/pandas/bugs/7
pandas,8,3.8.3,"uv, Python 3.8",3: large native stack to compile,project-itself cython kiwisolver matplotlib numpy,yes,ddbeca6,d09f20e29bdfa82f5efc071986e2633001d552f6,pandas/tests/frame/methods/test_replace.py,https://github.com/pandas-dev/pandas,https://github.com/soarsmu/BugsInPy/tree/11c5f1eea954a42132cfd06bf257766a7963e0fd/projects/pandas/bugs/8
pandas,9,3.8.3,"uv, Python 3.8",3: large native stack to compile,project-itself cython kiwisolver matplotlib numpy,yes,c557ab5,ebb727e5cd8865a7f5d6cfb4b22d3278b6bf5e6b,pandas/tests/indexes/categorical/test_indexing.py,https://github.com/pandas-dev/pandas,https://github.com/soarsmu/BugsInPy/tree/11c5f1eea954a42132cfd06bf257766a7963e0fd/projects/pandas/bugs/9
pandas,10,3.8.3,"uv, Python 3.8",3: large native stack to compile,project-itself cython kiwisolver matplotlib numpy,yes,de8ca78,e1ee2b0679e5999c993a787606d30e75faaba7a2,pandas/tests/series/methods/test_update.py,https://github.com/pandas-dev/pandas,https://github.com/soarsmu/BugsInPy/tree/11c5f1eea954a42132cfd06bf257766a7963e0fd/projects/pandas/bugs/10
pandas,11,3.8.3,"uv, Python 3.8",3: large native stack to compile,project-itself cython kiwisolver matplotlib numpy,yes,1c88e6a,b7f061c3d24df943e16918ad3932e767f5639a38,pandas/tests/reshape/test_concat.py,https://github.com/pandas-dev/pandas,https://github.com/soarsmu/BugsInPy/tree/11c5f1eea954a42132cfd06bf257766a7963e0fd/projects/pandas/bugs/11
pandas,12,3.8.3,"uv, Python 3.8",3: large native stack to compile,project-itself cython kiwisolver matplotlib numpy,yes,9bd296c,8aa707298428801199280b2b994632080591700a,pandas/tests/frame/methods/test_cov_corr.py,https://github.com/pandas-dev/pandas,https://github.com/soarsmu/BugsInPy/tree/11c5f1eea954a42132cfd06bf257766a7963e0fd/projects/pandas/bugs/12
pandas,13,3.8.3,"uv, Python 3.8",3: large native stack to compile,project-itself cython kiwisolver matplotlib numpy,yes,08f9bd2,91150d976ac41bd93a0e6516b2090c534f91aff2,pandas/tests/arrays/categorical/test_missing.py,https://github.com/pandas-dev/pandas,https://github.com/soarsmu/BugsInPy/tree/11c5f1eea954a42132cfd06bf257766a7963e0fd/projects/pandas/bugs/13
pandas,14,3.8.3,"uv, Python 3.8",3: large native stack to compile,project-itself cython kiwisolver matplotlib numpy,yes,e7b23d4,dd71064327721c1ec7366000f357b0c08bcec4d2,pandas/tests/arithmetic/test_datetime64.py;pandas/tests/arithmetic/test_timedelta64.py,https://github.com/pandas-dev/pandas,https://github.com/soarsmu/BugsInPy/tree/11c5f1eea954a42132cfd06bf257766a7963e0fd/projects/pandas/bugs/14
pandas,15,3.8.3,"uv, Python 3.8",3: large native stack to compile,project-itself cython kiwisolver matplotlib numpy,yes,f3fdab3,71d610596ed128055614eb660f13c88168bfe22f,pandas/tests/indexes/datetimes/test_datetime.py,https://github.com/pandas-dev/pandas,https://github.com/soarsmu/BugsInPy/tree/11c5f1eea954a42132cfd06bf257766a7963e0fd/projects/pandas/bugs/15
pandas,16,3.8.3,"uv, Python 3.8",3: large native stack to compile,project-itself cython kiwisolver matplotlib numpy,yes,f159734,74e8607cb163b76ccf272ac72ae6b7848fe930c8,pandas/tests/arithmetic/test_period.py,https://github.com/pandas-dev/pandas,https://github.com/soarsmu/BugsInPy/tree/11c5f1eea954a42132cfd06bf257766a7963e0fd/projects/pandas/bugs/16
pandas,17,3.8.3,"uv, Python 3.8",3: large native stack to compile,project-itself cython kiwisolver matplotlib numpy,yes,1e5ff23,afb04645b5b3361814f7d00ef68ce8d68e19ddb8,pandas/tests/indexes/datetimes/test_insert.py,https://github.com/pandas-dev/pandas,https://github.com/soarsmu/BugsInPy/tree/11c5f1eea954a42132cfd06bf257766a7963e0fd/projects/pandas/bugs/17
pandas,18,3.8.3,"uv, Python 3.8",3: large native stack to compile,project-itself cython kiwisolver matplotlib numpy,yes,e008a0a,cb71376385c33270fa1922aec9eb6c49de4336f4,pandas/tests/window/test_base_indexer.py,https://github.com/pandas-dev/pandas,https://github.com/soarsmu/BugsInPy/tree/11c5f1eea954a42132cfd06bf257766a7963e0fd/projects/pandas/bugs/18
pandas,19,3.8.3,"uv, Python 3.8",3: large native stack to compile,project-itself cython kiwisolver matplotlib numpy,yes,17dc6b0,c6a1638bcd99df677a8f76f036c0b30027eb243c,pandas/tests/indexing/multiindex/test_loc.py;pandas/tests/indexing/multiindex/test_slice.py;pandas/tests/series/indexing/test_getitem.py,https://github.com/pandas-dev/pandas,https://github.com/soarsmu/BugsInPy/tree/11c5f1eea954a42132cfd06bf257766a7963e0fd/projects/pandas/bugs/19
pandas,20,3.8.3,"uv, Python 3.8",3: large native stack to compile,project-itself cython kiwisolver matplotlib numpy,yes,ea09d50,92afd5c2c08216e4e9c80eb6b92b1660f91846e0,pandas/tests/tseries/offsets/test_yqm_offsets.py,https://github.com/pandas-dev/pandas,https://github.com/soarsmu/BugsInPy/tree/11c5f1eea954a42132cfd06bf257766a7963e0fd/projects/pandas/bugs/20
pandas,21,3.8.3,"uv, Python 3.8",3: large native stack to compile,project-itself cython kiwisolver matplotlib numpy,yes,4071c3b,56d0934092b8296c90f940c56fce3b731e0de81b,pandas/tests/series/indexing/test_boolean.py;pandas/tests/series/indexing/test_getitem.py,https://github.com/pandas-dev/pandas,https://github.com/soarsmu/BugsInPy/tree/11c5f1eea954a42132cfd06bf257766a7963e0fd/projects/pandas/bugs/21
pandas,22,3.8.3,"uv, Python 3.8",3: large native stack to compile,project-itself cython kiwisolver matplotlib numpy,yes,38b669a,299e27da8a75d02d84870c1ca5971f4dd0f046e6,pandas/tests/window/test_base_indexer.py,https://github.com/pandas-dev/pandas,https://github.com/soarsmu/BugsInPy/tree/11c5f1eea954a42132cfd06bf257766a7963e0fd/projects/pandas/bugs/22
pandas,23,3.8.3,"uv, Python 3.8",3: large native stack to compile,project-itself cython kiwisolver matplotlib numpy,yes,ab9f3c9,38b669a206b151e0a2bb985200d4a493c4ac078f,pandas/tests/indexes/datetimes/test_setops.py,https://github.com/pandas-dev/pandas,https://github.com/soarsmu/BugsInPy/tree/11c5f1eea954a42132cfd06bf257766a7963e0fd/projects/pandas/bugs/23
pandas,24,3.8.3,"uv, Python 3.8",3: large native stack to compile,project-itself cython kiwisolver matplotlib numpy,yes,91dcc3a,6367bd23b935a85f1bcd2ae762c7f08433d0efbd,pandas/tests/indexes/datetimes/test_timezones.py,https://github.com/pandas-dev/pandas,https://github.com/soarsmu/BugsInPy/tree/11c5f1eea954a42132cfd06bf257766a7963e0fd/projects/pandas/bugs/24
pandas,25,3.8.3,"uv, Python 3.8",3: large native stack to compile,project-itself cython kiwisolver matplotlib numpy,yes,ecc3b2e,73d614403759831814ef7ab83ef1e4aaa645b33a,pandas/tests/indexes/datetimes/test_misc.py,https://github.com/pandas-dev/pandas,https://github.com/soarsmu/BugsInPy/tree/11c5f1eea954a42132cfd06bf257766a7963e0fd/projects/pandas/bugs/25
pandas,26,3.8.3,"uv, Python 3.8",3: large native stack to compile,project-itself cython kiwisolver matplotlib numpy,yes,13dc13f,70ca24680d3e51fa4b957366e8093b3cc755462d,pandas/tests/arrays/categorical/test_analytics.py,https://github.com/pandas-dev/pandas,https://github.com/soarsmu/BugsInPy/tree/11c5f1eea954a42132cfd06bf257766a7963e0fd/projects/pandas/bugs/26
pandas,27,3.8.3,"uv, Python 3.8",3: large native stack to compile,project-itself cython kiwisolver matplotlib numpy,yes,6658d89,13dc13f12c0fca943979cde065b7484bb0e40d66,pandas/tests/indexes/datetimes/test_to_period.py,https://github.com/pandas-dev/pandas,https://github.com/soarsmu/BugsInPy/tree/11c5f1eea954a42132cfd06bf257766a7963e0fd/projects/pandas/bugs/27
pandas,28,3.8.3,"uv, Python 3.8",3: large native stack to compile,project-itself cython kiwisolver matplotlib numpy,yes,40fd73a,ef9b9387c88cf12b20dd8656dfedfc236e0f3352,pandas/tests/test_strings.py,https://github.com/pandas-dev/pandas,https://github.com/soarsmu/BugsInPy/tree/11c5f1eea954a42132cfd06bf257766a7963e0fd/projects/pandas/bugs/28
pandas,29,3.8.3,"uv, Python 3.8",3: large native stack to compile,project-itself cython kiwisolver matplotlib numpy,yes,6e3537d,4334482c348c3adc69683c8332295e22092c1b57,pandas/tests/arrays/interval/test_interval.py;pandas/tests/series/methods/test_convert_dtypes.py,https://github.com/pandas-dev/pandas,https://github.com/soarsmu/BugsInPy/tree/11c5f1eea954a42132cfd06bf257766a7963e0fd/projects/pandas/bugs/29
pandas,30,3.8.3,"uv, Python 3.8",3: large native stack to compile,project-itself cython kiwisolver matplotlib numpy,yes,60d6f28,d857cd12b3ae11be788ba96015383a5b7464ecc9,pandas/tests/io/json/test_pandas.py,https://github.com/pandas-dev/pandas,https://github.com/soarsmu/BugsInPy/tree/11c5f1eea954a42132cfd06bf257766a7963e0fd/projects/pandas/bugs/30
pandas,31,3.8.3,"uv, Python 3.8",3: large native stack to compile,project-itself cython kiwisolver matplotlib numpy,yes,45c13a9,8267427bfe567eec9a098aa8c071dddcc1d289f9,pandas/tests/groupby/test_function.py,https://github.com/pandas-dev/pandas,https://github.com/soarsmu/BugsInPy/tree/11c5f1eea954a42132cfd06bf257766a7963e0fd/projects/pandas/bugs/31
pandas,32,3.8.3,"uv, Python 3.8",3: large native stack to compile,project-itself cython kiwisolver matplotlib numpy,yes,467e1c2,c82cb179affed1c1136431ce39e4c66f4f3a65c0,pandas/tests/io/sas/test_xport.py,https://github.com/pandas-dev/pandas,https://github.com/soarsmu/BugsInPy/tree/11c5f1eea954a42132cfd06bf257766a7963e0fd/projects/pandas/bugs/32
pandas,33,3.8.3,"uv, Python 3.8",3: large native stack to compile,project-itself cython kiwisolver matplotlib numpy,yes,03dacc1,89d8aba76a2bb930e520590d145e3d67b2046e39,pandas/tests/arrays/integer/test_function.py,https://github.com/pandas-dev/pandas,https://github.com/soarsmu/BugsInPy/tree/11c5f1eea954a42132cfd06bf257766a7963e0fd/projects/pandas/bugs/33
pandas,34,3.8.3,"uv, Python 3.8",3: large native stack to compile,project-itself cython kiwisolver matplotlib numpy,yes,02a134b,cf9ec7854ecb80709804178e769425f02ddf8c64,pandas/tests/resample/test_datetime_index.py,https://github.com/pandas-dev/pandas,https://github.com/soarsmu/BugsInPy/tree/11c5f1eea954a42132cfd06bf257766a7963e0fd/projects/pandas/bugs/34
pandas,35,3.8.3,"uv, Python 3.8",3: large native stack to compile,project-itself cython kiwisolver matplotlib numpy,yes,a7dd3ea,f10ec595eccaf86a9f52fe9683e1181a51ba675b,pandas/tests/indexes/multi/test_get_level_values.py,https://github.com/pandas-dev/pandas,https://github.com/soarsmu/BugsInPy/tree/11c5f1eea954a42132cfd06bf257766a7963e0fd/projects/pandas/bugs/35
pandas,36,3.8.3,"uv, Python 3.8",3: large native stack to compile,project-itself cython kiwisolver matplotlib numpy,yes,cb41651,51f114b9882a5cf819efddb8be74524814f437e1,pandas/tests/dtypes//test_missing.py,https://github.com/pandas-dev/pandas,https://github.com/soarsmu/BugsInPy/tree/11c5f1eea954a42132cfd06bf257766a7963e0fd/projects/pandas/bugs/36
pandas,37,3.8.3,"uv, Python 3.8",3: large native stack to compile,project-itself cython kiwisolver matplotlib numpy,yes,c69f7d8,845c50c9e2ce611c773422ae9db7097fc3e5fba5,pandas/tests/arrays/string_/test_string.py,https://github.com/pandas-dev/pandas,https://github.com/soarsmu/BugsInPy/tree/11c5f1eea954a42132cfd06bf257766a7963e0fd/projects/pandas/bugs/37
pandas,38,3.8.3,"uv, Python 3.8",3: large native stack to compile,project-itself cython kiwisolver matplotlib numpy,yes,c81d90f,e7ee418fa7a519225203fef23481c5fa35834dc3,pandas/tests/frame/test_reshape.py,https://github.com/pandas-dev/pandas,https://github.com/soarsmu/BugsInPy/tree/11c5f1eea954a42132cfd06bf257766a7963e0fd/projects/pandas/bugs/38
pandas,39,3.8.3,"uv, Python 3.8",3: large native stack to compile,project-itself cython kiwisolver matplotlib numpy,yes,8a5f291,a3097b5bd172e76dd3524eb5dbe18b6b4c22df50,pandas/tests/frame//test_axis_select_reindex.py,https://github.com/pandas-dev/pandas,https://github.com/soarsmu/BugsInPy/tree/11c5f1eea954a42132cfd06bf257766a7963e0fd/projects/pandas/bugs/39
pandas,40,3.8.3,"uv, Python 3.8",3: large native stack to compile,project-itself cython kiwisolver matplotlib numpy scipy,yes,218cc30,8a5f2917e163e09e08af880819fdf44144b1a5fe,pandas/tests/reshape/merge/test_merge.py,https://github.com/pandas-dev/pandas,https://github.com/soarsmu/BugsInPy/tree/11c5f1eea954a42132cfd06bf257766a7963e0fd/projects/pandas/bugs/40
pandas,41,3.8.3,"uv, Python 3.8",3: large native stack to compile,project-itself cython kiwisolver matplotlib numpy scipy,yes,1b49f69,d4273353bc512e3b4e79c361b879633f33ec7289,pandas/tests/indexing/test_iloc.py;pandas/tests/internals/test_internals.py,https://github.com/pandas-dev/pandas,https://github.com/soarsmu/BugsInPy/tree/11c5f1eea954a42132cfd06bf257766a7963e0fd/projects/pandas/bugs/41
pandas,42,3.8.3,"uv, Python 3.8",3: large native stack to compile,project-itself cython kiwisolver matplotlib numpy scipy,yes,b3a0fe4,05780a760400e42ce1b00200dd8204ae4f94044a,pandas/tests/util/test_assert_frame_equal.py;pandas/tests/util/test_assert_series_equal.py,https://github.com/pandas-dev/pandas,https://github.com/soarsmu/BugsInPy/tree/11c5f1eea954a42132cfd06bf257766a7963e0fd/projects/pandas/bugs/42
pandas,43,3.8.3,"uv, Python 3.8",3: large native stack to compile,project-itself cython kiwisolver matplotlib numpy scipy,yes,81149fb,be7bfe6ab7ae2cba056f61dea6c3b0226bf80082,pandas/tests/frame/test_arithmetic.py,https://github.com/pandas-dev/pandas,https://github.com/soarsmu/BugsInPy/tree/11c5f1eea954a42132cfd06bf257766a7963e0fd/projects/pandas/bugs/43
pandas,44,3.8.3,"uv, Python 3.8",3: large native stack to compile,project-itself cython kiwisolver matplotlib numpy scipy,yes,96d22d4,50817487ce5b1a2c4896495509e2b53e22fa3212,pandas/tests/indexes/test_base.py;pandas/tests/indexing/test_loc.py,https://github.com/pandas-dev/pandas,https://github.com/soarsmu/BugsInPy/tree/11c5f1eea954a42132cfd06bf257766a7963e0fd/projects/pandas/bugs/44
pandas,45,3.8.3,"uv, Python 3.8",3: large native stack to compile,project-itself cython kiwisolver matplotlib numpy scipy,yes,74c5306,74f6579941fbe71cf7c033f53977047ac872e469,pandas/tests/frame/test_constructors.py,https://github.com/pandas-dev/pandas,https://github.com/soarsmu/BugsInPy/tree/11c5f1eea954a42132cfd06bf257766a7963e0fd/projects/pandas/bugs/45
pandas,46,3.8.3,"uv, Python 3.8",3: large native stack to compile,project-itself cython kiwisolver matplotlib numpy scipy,yes,e734449,0ed6d538c38010bcbd540cd6413ae8e4b749d9e6,pandas/tests/reshape/test_pivot.py,https://github.com/pandas-dev/pandas,https://github.com/soarsmu/BugsInPy/tree/11c5f1eea954a42132cfd06bf257766a7963e0fd/projects/pandas/bugs/46
pandas,47,3.8.3,"uv, Python 3.8",3: large native stack to compile,project-itself cython kiwisolver matplotlib numpy scipy,yes,1a5b11d,810a4e5b19616efb503767b4518083c9a59c11e6,pandas/tests/frame/indexing/test_indexing.py;pandas/tests/indexing/test_loc.py,https://github.com/pandas-dev/pandas,https://github.com/soarsmu/BugsInPy/tree/11c5f1eea954a42132cfd06bf257766a7963e0fd/projects/pandas/bugs/47
pandas,48,3.8.3,"uv, Python 3.8",3: large native stack to compile,project-itself cython kiwisolver matplotlib numpy scipy,yes,9bc3ee0,9e7cb7c102655d0ba92d2561c178da9254d5cef5,pandas/tests/groupby/test_function.py,https://github.com/pandas-dev/pandas,https://github.com/soarsmu/BugsInPy/tree/11c5f1eea954a42132cfd06bf257766a7963e0fd/projects/pandas/bugs/48
pandas,49,3.8.3,"uv, Python 3.8",3: large native stack to compile,project-itself cython kiwisolver matplotlib numpy scipy,yes,113c255,37659d47a685ecc5f5117aa56526ece0106c6d0f,pandas/tests/test_strings.py,https://github.com/pandas-dev/pandas,https://github.com/soarsmu/BugsInPy/tree/11c5f1eea954a42132cfd06bf257766a7963e0fd/projects/pandas/bugs/49
pandas,50,3.8.3,"uv, Python 3.8",3: large native stack to compile,project-itself cython kiwisolver matplotlib numpy scipy,yes,ebf9668,821aa25c9039e72da9a7b236cf2f9e7d549cbb7b,pandas/tests/extension/test_categorical.py,https://github.com/pandas-dev/pandas,https://github.com/soarsmu/BugsInPy/tree/11c5f1eea954a42132cfd06bf257766a7963e0fd/projects/pandas/bugs/50
pandas,51,3.8.3,"uv, Python 3.8",3: large native stack to compile,project-itself cython kiwisolver matplotlib numpy scipy,yes,4800ab4,ea1d8fadb95fbc7cafe036274006228400817fd4,pandas/tests/reshape/merge/test_merge.py,https://github.com/pandas-dev/pandas,https://github.com/soarsmu/BugsInPy/tree/11c5f1eea954a42132cfd06bf257766a7963e0fd/projects/pandas/bugs/51
pandas,52,3.8.3,"uv, Python 3.8",3: large native stack to compile,project-itself cython kiwisolver matplotlib numpy scipy,yes,20a84a5,7017599821e02ba95282848c12f7d3b5f2ce670a,pandas/tests/groupby/test_function.py,https://github.com/pandas-dev/pandas,https://github.com/soarsmu/BugsInPy/tree/11c5f1eea954a42132cfd06bf257766a7963e0fd/projects/pandas/bugs/52
pandas,53,3.8.3,"uv, Python 3.8",3: large native stack to compile,project-itself cython kiwisolver matplotlib numpy scipy,yes,f9b49c8,020dcce17e3bd0983fca5b02556bd431140ab371,pandas/tests/indexing/test_categorical.py;pandas/tests/indexing/test_loc.py,https://github.com/pandas-dev/pandas,https://github.com/soarsmu/BugsInPy/tree/11c5f1eea954a42132cfd06bf257766a7963e0fd/projects/pandas/bugs/53
pandas,54,3.8.3,"uv, Python 3.8",3: large native stack to compile,project-itself cython kiwisolver matplotlib numpy scipy,yes,25443f0,00e8e4ab0c5e4c7bfb3e356e660d9f088d4a82a4,pandas/tests/dtypes/test_dtypes.py,https://github.com/pandas-dev/pandas,https://github.com/soarsmu/BugsInPy/tree/11c5f1eea954a42132cfd06bf257766a7963e0fd/projects/pandas/bugs/54
pandas,55,3.8.3,"uv, Python 3.8",3: large native stack to compile,project-itself cython kiwisolver matplotlib numpy scipy,yes,6ab00bc,628dfba239865adc09c94108b288bcb60c619950,pandas/tests/indexing/test_iloc.py,https://github.com/pandas-dev/pandas,https://github.com/soarsmu/BugsInPy/tree/11c5f1eea954a42132cfd06bf257766a7963e0fd/projects/pandas/bugs/55
pandas,56,3.8.3,"uv, Python 3.8",3: large native stack to compile,project-itself cython kiwisolver matplotlib numpy scipy,yes,9e69040,dafec63f2e138d0451dae5b37edea2e83f9adc8a,pandas/tests/indexing/test_scalar.py,https://github.com/pandas-dev/pandas,https://github.com/soarsmu/BugsInPy/tree/11c5f1eea954a42132cfd06bf257766a7963e0fd/projects/pandas/bugs/56
pandas,57,3.8.3,"uv, Python 3.8",3: large native stack to compile,project-itself cython kiwisolver matplotlib numpy scipy,yes,267d2d8,84444538a88721c5ee74de8836b716d3c1adc4b8,pandas/tests/arrays/categorical/test_replace.py,https://github.com/pandas-dev/pandas,https://github.com/soarsmu/BugsInPy/tree/11c5f1eea954a42132cfd06bf257766a7963e0fd/projects/pandas/bugs/57
pandas,58,3.8.3,"uv, Python 3.8",3: large native stack to compile,project-itself cython kiwisolver matplotlib numpy scipy,yes,634a41f,16684f2affaf901b42a12e50f9c29e7c034ad7ea,pandas/tests/arrays/categorical/test_constructors.py,https://github.com/pandas-dev/pandas,https://github.com/soarsmu/BugsInPy/tree/11c5f1eea954a42132cfd06bf257766a7963e0fd/projects/pandas/bugs/58
pandas,59,3.8.3,"uv, Python 3.8",3: large native stack to compile,project-itself cython kiwisolver matplotlib numpy scipy,yes,292a993,8dd9fabd2ad9104e747084437b9ad436d5be087a,pandas/tests/window/test_pairwise.py,https://github.com/pandas-dev/pandas,https://github.com/soarsmu/BugsInPy/tree/11c5f1eea954a42132cfd06bf257766a7963e0fd/projects/pandas/bugs/59
pandas,60,3.8.3,"uv, Python 3.8",3: large native stack to compile,project-itself cython kiwisolver matplotlib numpy scipy,yes,6bc2dca,fcf7258c19b0a6a712f33fb0bcefdae426be7e7f,pandas/tests/window/test_grouper.py,https://github.com/pandas-dev/pandas,https://github.com/soarsmu/BugsInPy/tree/11c5f1eea954a42132cfd06bf257766a7963e0fd/projects/pandas/bugs/60
pandas,61,3.8.3,"uv, Python 3.8",3: large native stack to compile,project-itself cython numpy,yes,74dad82,f7e2b74f1bcc1d1cbebbc42481e33f0abb2843dc,pandas/tests/indexing/test_indexing.py,https://github.com/pandas-dev/pandas,https://github.com/soarsmu/BugsInPy/tree/11c5f1eea954a42132cfd06bf257766a7963e0fd/projects/pandas/bugs/61
pandas,62,3.8.3,"uv, Python 3.8",3: large native stack to compile,project-itself cython numpy,yes,46a77f6,74dad82827e9b13552df2d6d3fbbeb901821b53f,pandas/tests/indexing/test_indexing.py,https://github.com/pandas-dev/pandas,https://github.com/soarsmu/BugsInPy/tree/11c5f1eea954a42132cfd06bf257766a7963e0fd/projects/pandas/bugs/62
pandas,63,3.8.3,"uv, Python 3.8",3: large native stack to compile,project-itself cython numpy,yes,e5c65bf,e1ca66bae38b8026079dfcbe0edad5f278546608,pandas/tests/indexing/test_scalar.py,https://github.com/pandas-dev/pandas,https://github.com/soarsmu/BugsInPy/tree/11c5f1eea954a42132cfd06bf257766a7963e0fd/projects/pandas/bugs/63
pandas,64,3.8.3,"uv, Python 3.8",3: large native stack to compile,project-itself cython numpy,yes,31c1856,d0c84ce57d23a409169daf7232ec7681e42363fe,pandas/tests/io/excel/test_writers.py,https://github.com/pandas-dev/pandas,https://github.com/soarsmu/BugsInPy/tree/11c5f1eea954a42132cfd06bf257766a7963e0fd/projects/pandas/bugs/64
pandas,65,3.8.3,"uv, Python 3.8",3: large native stack to compile,project-itself cython numpy,yes,2f70e41,2f9a44635bd8d468cf008f2855ce2dcfb9e90586,pandas/tests/io/parser/test_encoding.py,https://github.com/pandas-dev/pandas,https://github.com/soarsmu/BugsInPy/tree/11c5f1eea954a42132cfd06bf257766a7963e0fd/projects/pandas/bugs/65
pandas,66,3.8.3,"uv, Python 3.8",3: large native stack to compile,project-itself cython numpy,yes,f5409cb,d84f9eb32aea33a8f790e8e365cf226eddd5c7a7,pandas/tests/series/indexing/test_xs.py,https://github.com/pandas-dev/pandas,https://github.com/soarsmu/BugsInPy/tree/11c5f1eea954a42132cfd06bf257766a7963e0fd/projects/pandas/bugs/66
pandas,67,3.8.3,"uv, Python 3.8",3: large native stack to compile,project-itself cython numpy,yes,c3e32d7,1996b17599731b889895b0e1edf758588c068fbb,pandas/tests/frame/indexing/test_indexing.py,https://github.com/pandas-dev/pandas,https://github.com/soarsmu/BugsInPy/tree/11c5f1eea954a42132cfd06bf257766a7963e0fd/projects/pandas/bugs/67
pandas,68,3.8.3,"uv, Python 3.8",3: large native stack to compile,project-itself cython numpy,yes,01582c4,d28db65bdba16e9400a16469ba2707f94ae63483,pandas/tests/arrays/interval/test_interval.py,https://github.com/pandas-dev/pandas,https://github.com/soarsmu/BugsInPy/tree/11c5f1eea954a42132cfd06bf257766a7963e0fd/projects/pandas/bugs/68
pandas,69,3.8.3,"uv, Python 3.8",3: large native stack to compile,project-itself cython h5py kiwisolver matplotlib numpy scipy,yes,426d445,948f95756c79543bb089a94a85e73011a3730b2d,pandas/tests/indexes/test_numeric.py,https://github.com/pandas-dev/pandas,https://github.com/soarsmu/BugsInPy/tree/11c5f1eea954a42132cfd06bf257766a7963e0fd/projects/pandas/bugs/69
pandas,70,3.8.3,"uv, Python 3.8",3: large native stack to compile,project-itself cython h5py kiwisolver matplotlib numpy scipy,yes,a05e6c9,06ef193a5c1957c0a76e3e88bc7b834b38972c39,pandas/tests/groupby/test_categorical.py,https://github.com/pandas-dev/pandas,https://github.com/soarsmu/BugsInPy/tree/11c5f1eea954a42132cfd06bf257766a7963e0fd/projects/pandas/bugs/70
pandas,71,3.8.3,"uv, Python 3.8",3: large native stack to compile,project-itself cython h5py kiwisolver matplotlib numpy scipy,yes,74a5edc,a5daff22e6e37af4946c614f85b110905e063be3,pandas/tests/arrays/test_integer.py,https://github.com/pandas-dev/pandas,https://github.com/soarsmu/BugsInPy/tree/11c5f1eea954a42132cfd06bf257766a7963e0fd/projects/pandas/bugs/71
pandas,72,3.8.3,"uv, Python 3.8",3: large native stack to compile,project-itself cython h5py kiwisolver matplotlib numpy scipy,yes,a9b61a9,0c50950f2a7e32887eff6be5979f09772091e1de,pandas/tests/frame/indexing/test_categorical.py,https://github.com/pandas-dev/pandas,https://github.com/soarsmu/BugsInPy/tree/11c5f1eea954a42132cfd06bf257766a7963e0fd/projects/pandas/bugs/72
pandas,73,3.8.3,"uv, Python 3.8",3: large native stack to compile,project-itself cython h5py kiwisolver matplotlib numpy scipy,yes,f1d7ac6,6f93898d32c0f1fdb382d1e9dee434c158998374,pandas/tests/frame/test_arithmetic.py,https://github.com/pandas-dev/pandas,https://github.com/soarsmu/BugsInPy/tree/11c5f1eea954a42132cfd06bf257766a7963e0fd/projects/pandas/bugs/73
pandas,74,3.8.3,"uv, Python 3.8",3: large native stack to compile,project-itself cython h5py kiwisolver matplotlib numpy scipy,yes,9a211aa,839e7f1416148caff518a5b75327a2480a2bbbb4,pandas/tests/indexes/timedeltas/test_constructors.py,https://github.com/pandas-dev/pandas,https://github.com/soarsmu/BugsInPy/tree/11c5f1eea954a42132cfd06bf257766a7963e0fd/projects/pandas/bugs/74
pandas,75,3.8.3,"uv, Python 3.8",3: large native stack to compile,project-itself cython h5py kiwisolver matplotlib numpy scipy,yes,2038d7a,9a211aae9f710db23c9113aea0251e2758904755,pandas/tests/indexes/period/test_indexing.py,https://github.com/pandas-dev/pandas,https://github.com/soarsmu/BugsInPy/tree/11c5f1eea954a42132cfd06bf257766a7963e0fd/projects/pandas/bugs/75
pandas,76,3.8.3,"uv, Python 3.8",3: large native stack to compile,project-itself cython h5py kiwisolver matplotlib numpy scipy,yes,4da554f,47922d3b00edfc264f73b1484589734bbd077c11,pandas/tests/io/json/test_pandas.py,https://github.com/pandas-dev/pandas,https://github.com/soarsmu/BugsInPy/tree/11c5f1eea954a42132cfd06bf257766a7963e0fd/projects/pandas/bugs/76
pandas,77,3.8.3,"uv, Python 3.8",3: large native stack to compile,project-itself cython h5py kiwisolver matplotlib numpy scipy,yes,667bb37,daef69c1366e31c3c49aea6f2e55f577d0c832fd,pandas/tests/arithmetic/test_array_ops.py,https://github.com/pandas-dev/pandas,https://github.com/soarsmu/BugsInPy/tree/11c5f1eea954a42132cfd06bf257766a7963e0fd/projects/pandas/bugs/77
pandas,78,3.8.3,"uv, Python 3.8",3: large native stack to compile,project-itself cython h5py kiwisolver matplotlib numpy scipy,yes,f5aa542,bd6b395a1e8fb7d099fa17a0e24f8fe3b628822c,pandas/tests/frame/test_subclass.py,https://github.com/pandas-dev/pandas,https://github.com/soarsmu/BugsInPy/tree/11c5f1eea954a42132cfd06bf257766a7963e0fd/projects/pandas/bugs/78
pandas,79,3.8.3,"uv, Python 3.8",3: large native stack to compile,project-itself cython h5py kiwisolver matplotlib numpy scipy,yes,38ea154,0b0cd08524e4472eb15835c2b91621dc0a6eeeb0,pandas/tests/indexes/datetimes/test_indexing.py,https://github.com/pandas-dev/pandas,https://github.com/soarsmu/BugsInPy/tree/11c5f1eea954a42132cfd06bf257766a7963e0fd/projects/pandas/bugs/79
pandas,80,3.8.3,"uv, Python 3.8",3: large native stack to compile,project-itself cython h5py kiwisolver matplotlib numpy scipy,yes,d0d93db,351760c0655b6c383e449cf857b9a718e3545229,pandas/tests/arrays/sparse/test_arithmetics.py,https://github.com/pandas-dev/pandas,https://github.com/soarsmu/BugsInPy/tree/11c5f1eea954a42132cfd06bf257766a7963e0fd/projects/pandas/bugs/80
pandas,81,3.8.3,"uv, Python 3.8",3: large native stack to compile,project-itself cython h5py kiwisolver matplotlib numpy scipy,yes,b529857,339edcdb7ecc6edc6fde1b7d1413dbb746d2bcca,pandas/tests/arrays/test_integer.py,https://github.com/pandas-dev/pandas,https://github.com/soarsmu/BugsInPy/tree/11c5f1eea954a42132cfd06bf257766a7963e0fd/projects/pandas/bugs/81
pandas,82,3.8.3,"uv, Python 3.8",3: large native stack to compile,project-itself cython h5py kiwisolver matplotlib numpy scipy,yes,6f395ad,e83a6bddac8c89b144dfe0783594dd332c5b3030,pandas/tests/reshape/merge/test_merge.py,https://github.com/pandas-dev/pandas,https://github.com/soarsmu/BugsInPy/tree/11c5f1eea954a42132cfd06bf257766a7963e0fd/projects/pandas/bugs/82
pandas,83,3.8.3,"uv, Python 3.8",3: large native stack to compile,project-itself cython h5py kiwisolver matplotlib numpy scipy,yes,964400d,7ffcf9d6753e7de2c5318e8e0ecdc63586d502f3,pandas/tests/reshape/test_concat.py,https://github.com/pandas-dev/pandas,https://github.com/soarsmu/BugsInPy/tree/11c5f1eea954a42132cfd06bf257766a7963e0fd/projects/pandas/bugs/83
pandas,84,3.8.3,"uv, Python 3.8",3: large native stack to compile,project-itself cython h5py kiwisolver matplotlib numpy scipy,yes,469b4b7,24d7c06130f9c2aeebedc26971b244ce076f7d0a,pandas/tests/frame/test_reshape.py,https://github.com/pandas-dev/pandas,https://github.com/soarsmu/BugsInPy/tree/11c5f1eea954a42132cfd06bf257766a7963e0fd/projects/pandas/bugs/84
pandas,85,3.8.3,"uv, Python 3.8",3: large native stack to compile,project-itself cython h5py kiwisolver matplotlib numpy scipy,yes,f1aaf62,29edd119d31a9ee7d4f89e8c1dc8af96f0c19dce,pandas/tests/groupby/test_apply.py,https://github.com/pandas-dev/pandas,https://github.com/soarsmu/BugsInPy/tree/11c5f1eea954a42132cfd06bf257766a7963e0fd/projects/pandas/bugs/85
pandas,86,3.8.3,"uv, Python 3.8",3: large native stack to compile,project-itself cython h5py kiwisolver lxml matplotlib numpy scipy,yes,55cfabb,f792d8c50ee456aa8aa2ae406d8e6b8843f45614,pandas/tests/reshape/test_pivot.py,https://github.com/pandas-dev/pandas,https://github.com/soarsmu/BugsInPy/tree/11c5f1eea954a42132cfd06bf257766a7963e0fd/projects/pandas/bugs/86
pandas,87,3.8.3,"uv, Python 3.8",3: large native stack to compile,project-itself cython h5py kiwisolver lxml matplotlib numpy scipy,yes,641346c,a890239b7020dec714d9819b718d83f786bfda34,pandas/tests/reshape/test_pivot.py,https://github.com/pandas-dev/pandas,https://github.com/soarsmu/BugsInPy/tree/11c5f1eea954a42132cfd06bf257766a7963e0fd/projects/pandas/bugs/87
pandas,88,3.8.3,"uv, Python 3.8",3: large native stack to compile,project-itself cython h5py kiwisolver lxml matplotlib numpy scipy,yes,698920f,586bcb16023ae870b0ad7769f6d9077903705486,pandas/tests/reshape/test_pivot.py,https://github.com/pandas-dev/pandas,https://github.com/soarsmu/BugsInPy/tree/11c5f1eea954a42132cfd06bf257766a7963e0fd/projects/pandas/bugs/88
pandas,89,3.8.3,"uv, Python 3.8",3: large native stack to compile,project-itself cython h5py kiwisolver lxml matplotlib numpy scipy,yes,0dc317f,feaa5033b7810f7775fd4806c27b2f9f1e9b5051,pandas/tests/frame/test_reshape.py,https://github.com/pandas-dev/pandas,https://github.com/soarsmu/BugsInPy/tree/11c5f1eea954a42132cfd06bf257766a7963e0fd/projects/pandas/bugs/89
pandas,90,3.8.3,"uv, Python 3.8",3: large native stack to compile,project-itself cython h5py kiwisolver lxml matplotlib numpy scipy,yes,a474a01,1c3d64bae7c07b5ae1be337e0ebd751385b7ce27,pandas/tests/io/test_pickle.py,https://github.com/pandas-dev/pandas,https://github.com/soarsmu/BugsInPy/tree/11c5f1eea954a42132cfd06bf257766a7963e0fd/projects/pandas/bugs/90
pandas,91,3.8.3,"uv, Python 3.8",3: large native stack to compile,project-itself cython h5py kiwisolver lxml matplotlib numpy scipy,yes,5c12d4f,cb9a1c7d0319c34a97247973ca96af53ead8033a,pandas/tests/arrays/test_timedeltas.py,https://github.com/pandas-dev/pandas,https://github.com/soarsmu/BugsInPy/tree/11c5f1eea954a42132cfd06bf257766a7963e0fd/projects/pandas/bugs/91
pandas,92,3.8.3,"uv, Python 3.8",3: large native stack to compile,project-itself cython h5py kiwisolver lxml matplotlib numpy scipy,yes,f2b213c,511a2847f4330c54d079d04b3cac4febe0fe9915,pandas/tests/frame/methods/test_asof.py,https://github.com/pandas-dev/pandas,https://github.com/soarsmu/BugsInPy/tree/11c5f1eea954a42132cfd06bf257766a7963e0fd/projects/pandas/bugs/92
pandas,93,3.8.3,"uv, Python 3.8",3: large native stack to compile,project-itself cython h5py kiwisolver lxml matplotlib numpy scipy,yes,425c2fb,bde25278ccf4fb2d751c5e99e24b2270e0d62ef7,pandas/tests/indexes/period/test_indexing.py;,https://github.com/pandas-dev/pandas,https://github.com/soarsmu/BugsInPy/tree/11c5f1eea954a42132cfd06bf257766a7963e0fd/projects/pandas/bugs/93
pandas,94,3.8.3,"uv, Python 3.8",3: large native stack to compile,project-itself cython h5py kiwisolver lxml matplotlib numpy scipy,yes,8803056,613df15047887957f5964d2a6ce59ea20b0c4c91,pandas/tests/indexes/datetimes/test_constructors.py,https://github.com/pandas-dev/pandas,https://github.com/soarsmu/BugsInPy/tree/11c5f1eea954a42132cfd06bf257766a7963e0fd/projects/pandas/bugs/94
pandas,95,3.8.3,"uv, Python 3.8",3: large native stack to compile,project-itself cython h5py kiwisolver lxml matplotlib numpy scipy,yes,036dc88,c99dfea33612f44e97c2365f78c0ca6d5754a1bc,pandas/tests/arithmetic/test_period.py,https://github.com/pandas-dev/pandas,https://github.com/soarsmu/BugsInPy/tree/11c5f1eea954a42132cfd06bf257766a7963e0fd/projects/pandas/bugs/95
pandas,96,3.8.3,"uv, Python 3.8",3: large native stack to compile,project-itself cython h5py kiwisolver lxml matplotlib numpy scipy,yes,5e488a0,6d67cf9f02dd22cc870fd407f569197512700203,pandas/tests/indexes/datetimes/test_date_range.py,https://github.com/pandas-dev/pandas,https://github.com/soarsmu/BugsInPy/tree/11c5f1eea954a42132cfd06bf257766a7963e0fd/projects/pandas/bugs/96
pandas,97,3.8.3,"uv, Python 3.8",3: large native stack to compile,project-itself cython h5py kiwisolver lxml matplotlib numpy scipy,yes,f9e524c,6f690b088190581552e04c53288819472fdb2dbe,pandas/tests/indexes/timedeltas/test_setops.py,https://github.com/pandas-dev/pandas,https://github.com/soarsmu/BugsInPy/tree/11c5f1eea954a42132cfd06bf257766a7963e0fd/projects/pandas/bugs/97
pandas,98,3.8.3,"uv, Python 3.8",3: large native stack to compile,project-itself cython h5py kiwisolver lxml matplotlib numpy scipy,yes,8105a7e,09e4b780f09c5aa72bb2a6ae2832612f81dc047f,pandas/tests/indexes/period/test_constructors.py,https://github.com/pandas-dev/pandas,https://github.com/soarsmu/BugsInPy/tree/11c5f1eea954a42132cfd06bf257766a7963e0fd/projects/pandas/bugs/98
pandas,99,3.8.3,"uv, Python 3.8",3: large native stack to compile,project-itself cython h5py kiwisolver lxml matplotlib numpy scipy,yes,2b1b3da,b8043724c48890e86fda0265ad5b6ac3d31f1940,pandas/tests/indexes/datetimes/test_tools.py,https://github.com/pandas-dev/pandas,https://github.com/soarsmu/BugsInPy/tree/11c5f1eea954a42132cfd06bf257766a7963e0fd/projects/pandas/bugs/99
pandas,100,3.8.3,"uv, Python 3.8",3: large native stack to compile,project-itself cython h5py kiwisolver lxml matplotlib numpy scipy,yes,8806ed7,2b1b3da4c68fdaf9637d12706c5ba3de1a9b20de,pandas/tests/frame/methods/test_pct_change.py,https://github.com/pandas-dev/pandas,https://github.com/soarsmu/BugsInPy/tree/11c5f1eea954a42132cfd06bf257766a7963e0fd/projects/pandas/bugs/100
pandas,101,3.8.3,"uv, Python 3.8",3: large native stack to compile,project-itself cython h5py kiwisolver lxml matplotlib numpy scipy,yes,765d8db,27b713ba677869893552cbeff6bc98a5dd231950,pandas/tests/dtypes/test_common.py,https://github.com/pandas-dev/pandas,https://github.com/soarsmu/BugsInPy/tree/11c5f1eea954a42132cfd06bf257766a7963e0fd/projects/pandas/bugs/101
pandas,102,3.8.3,"uv, Python 3.8",3: large native stack to compile,project-itself cython h5py kiwisolver lxml matplotlib numpy scipy,yes,efaadd5,765d8db7eef1befef33f4c99d3e206d26e8444c8,pandas/tests/frame/test_constructors.py,https://github.com/pandas-dev/pandas,https://github.com/soarsmu/BugsInPy/tree/11c5f1eea954a42132cfd06bf257766a7963e0fd/projects/pandas/bugs/102
pandas,103,3.8.3,"uv, Python 3.8",3: large native stack to compile,project-itself cython h5py kiwisolver lxml matplotlib numpy scipy,yes,d1f82f7,19578e364fb47ce10dd14174cffc3ecfea1a58cd,pandas/tests/groupby/test_transform.py,https://github.com/pandas-dev/pandas,https://github.com/soarsmu/BugsInPy/tree/11c5f1eea954a42132cfd06bf257766a7963e0fd/projects/pandas/bugs/103
pandas,104,3.8.3,"uv, Python 3.8",3: large native stack to compile,project-itself cython h5py kiwisolver lxml matplotlib numpy scipy,yes,f738581,8e9b3eee812b70197341c26c40200d8a1a77ed9c,pandas/tests/groupby/test_function.py,https://github.com/pandas-dev/pandas,https://github.com/soarsmu/BugsInPy/tree/11c5f1eea954a42132cfd06bf257766a7963e0fd/projects/pandas/bugs/104
pandas,105,3.8.3,"uv, Python 3.8",3: large native stack to compile,project-itself cython h5py kiwisolver lxml matplotlib numpy scipy,yes,7e6125a,cb5f9d1ff407f5ccef7c717e0c23bbd6ed96cf5f,pandas/tests/arithmetic/test_period.py,https://github.com/pandas-dev/pandas,https://github.com/soarsmu/BugsInPy/tree/11c5f1eea954a42132cfd06bf257766a7963e0fd/projects/pandas/bugs/105
pandas,106,3.8.3,"uv, Python 3.8",3: large native stack to compile,project-itself cython h5py kiwisolver lxml matplotlib numpy scipy,yes,114d552,e46026ff4669a30192b91e362ce8cdcbc9693870,pandas/tests/indexes/multi/test_drop.py,https://github.com/pandas-dev/pandas,https://github.com/soarsmu/BugsInPy/tree/11c5f1eea954a42132cfd06bf257766a7963e0fd/projects/pandas/bugs/106
pandas,107,3.8.3,"uv, Python 3.8",3: large native stack to compile,project-itself cython h5py kiwisolver lxml matplotlib numpy scipy,yes,47ac4b3,fa4949f27ccfbc255bb8dbcd5ec5464b8663f1d2,pandas/tests/frame/test_combine_concat.py,https://github.com/pandas-dev/pandas,https://github.com/soarsmu/BugsInPy/tree/11c5f1eea954a42132cfd06bf257766a7963e0fd/projects/pandas/bugs/107
pandas,108,3.8.3,"uv, Python 3.8",3: large native stack to compile,project-itself cython h5py kiwisolver lxml matplotlib numpy scipy,yes,20e4c18,53a0dfd41a65a33dd7b0963734b24c749212e625,pandas/tests/dtypes/cast/test_infer_dtype.py,https://github.com/pandas-dev/pandas,https://github.com/soarsmu/BugsInPy/tree/11c5f1eea954a42132cfd06bf257766a7963e0fd/projects/pandas/bugs/108
pandas,109,3.8.3,"uv, Python 3.8",3: large native stack to compile,project-itself cython h5py kiwisolver lxml matplotlib numpy scipy,yes,8b39de1,68b3eb4f5a7fbc223accbbeddbf03ec8ea31af00,pandas/tests/arrays/categorical/test_analytics.py,https://github.com/pandas-dev/pandas,https://github.com/soarsmu/BugsInPy/tree/11c5f1eea954a42132cfd06bf257766a7963e0fd/projects/pandas/bugs/109
pandas,110,3.8.3,"uv, Python 3.8",3: large native stack to compile,project-itself cython h5py kiwisolver lxml matplotlib numpy scipy,yes,cceef8e,96bb151fe1a5b812ecab400adcd297d14fd0e0e4,pandas/tests/indexing/test_categorical.py,https://github.com/pandas-dev/pandas,https://github.com/soarsmu/BugsInPy/tree/11c5f1eea954a42132cfd06bf257766a7963e0fd/projects/pandas/bugs/110
pandas,111,3.8.3,"uv, Python 3.8",3: large native stack to compile,project-itself cython h5py kiwisolver lxml matplotlib numpy scipy,yes,28715a7,27836e93dc3c9d55c60282ccb15c88c42a340d87,pandas/tests/indexing/test_categorical.py;pandas/tests/indexing/test_floats.py,https://github.com/pandas-dev/pandas,https://github.com/soarsmu/BugsInPy/tree/11c5f1eea954a42132cfd06bf257766a7963e0fd/projects/pandas/bugs/111
pandas,112,3.8.3,"uv, Python 3.8",3: large native stack to compile,project-itself cython h5py kiwisolver lxml matplotlib numpy scipy,yes,ebbe2a2,8a354b7630f74739212725c38cbaa9b069191a88,pandas/tests/frame/test_analytics.py,https://github.com/pandas-dev/pandas,https://github.com/soarsmu/BugsInPy/tree/11c5f1eea954a42132cfd06bf257766a7963e0fd/projects/pandas/bugs/112
pandas,113,3.8.3,"uv, Python 3.8",3: large native stack to compile,project-itself cython h5py kiwisolver lxml matplotlib numpy scipy,yes,b164624,8705aad961dd227d38ff93a39697547b98109c9d,pandas/tests/extension/test_integer.py,https://github.com/pandas-dev/pandas,https://github.com/soarsmu/BugsInPy/tree/11c5f1eea954a42132cfd06bf257766a7963e0fd/projects/pandas/bugs/113
pandas,114,3.8.3,"uv, Python 3.8",3: large native stack to compile,project-itself cython h5py kiwisolver lxml matplotlib numpy scipy,yes,8f0310a,9a222ea0300053ff46da984e3b3f68622ccba9c3,pandas/tests/extension/decimal/test_decimal.py,https://github.com/pandas-dev/pandas,https://github.com/soarsmu/BugsInPy/tree/11c5f1eea954a42132cfd06bf257766a7963e0fd/projects/pandas/bugs/114
pandas,115,3.8.3,"uv, Python 3.8",3: large native stack to compile,project-itself cython h5py kiwisolver lxml matplotlib numpy scipy,yes,ed20822,386494d0dc851be9e86b1576f30fa8705df4d47b,pandas/tests/series/test_missing.py,https://github.com/pandas-dev/pandas,https://github.com/soarsmu/BugsInPy/tree/11c5f1eea954a42132cfd06bf257766a7963e0fd/projects/pandas/bugs/115
pandas,116,3.8.3,"uv, Python 3.8",3: large native stack to compile,project-itself cython h5py kiwisolver lxml matplotlib numpy scipy,yes,9333e3d,c4fa6a52f7737aecda08f6b0f2d6c27476298ae1,pandas/tests/reshape/merge/test_merge_asof.py,https://github.com/pandas-dev/pandas,https://github.com/soarsmu/BugsInPy/tree/11c5f1eea954a42132cfd06bf257766a7963e0fd/projects/pandas/bugs/116
pandas,117,3.8.3,"uv, Python 3.8",3: large native stack to compile,project-itself cython h5py kiwisolver lxml matplotlib numpy scipy,yes,fc100fe,f98d2b6587b74c9a640b062d94911b199d962119,pandas/tests/series/test_analytics.py,https://github.com/pandas-dev/pandas,https://github.com/soarsmu/BugsInPy/tree/11c5f1eea954a42132cfd06bf257766a7963e0fd/projects/pandas/bugs/117
pandas,118,3.8.3,"uv, Python 3.8",3: large native stack to compile,project-itself cython h5py kiwisolver lxml matplotlib numpy scipy,yes,6f1accd,76e39ebcf584042fab4f224a6bd2c903bb0c8aff,pandas/tests/reshape/test_melt.py,https://github.com/pandas-dev/pandas,https://github.com/soarsmu/BugsInPy/tree/11c5f1eea954a42132cfd06bf257766a7963e0fd/projects/pandas/bugs/118
pandas,119,3.8.3,"uv, Python 3.8",3: large native stack to compile,project-itself cython h5py kiwisolver lxml matplotlib numpy scipy,yes,3f69d62,e0bd4d5dd07cc481cb52de3cf3c7bf199cb2df07,pandas/tests/reshape/test_pivot.py,https://github.com/pandas-dev/pandas,https://github.com/soarsmu/BugsInPy/tree/11c5f1eea954a42132cfd06bf257766a7963e0fd/projects/pandas/bugs/119
pandas,120,3.8.3,"uv, Python 3.8",3: large native stack to compile,project-itself cython h5py kiwisolver lxml matplotlib numpy scipy,yes,2b0cac7,c5a1f9e2c373ced9ef2f02ab64d11eaa7b4248f2,pandas/tests/groupby/test_categorical.py,https://github.com/pandas-dev/pandas,https://github.com/soarsmu/BugsInPy/tree/11c5f1eea954a42132cfd06bf257766a7963e0fd/projects/pandas/bugs/120
pandas,121,3.8.3,"uv, Python 3.8",3: large native stack to compile,project-itself cython h5py kiwisolver lxml matplotlib numpy scipy,yes,ad4c4d5,958756af5cb40658e975a70d29089b68aea93040,pandas/tests/frame/test_replace.py,https://github.com/pandas-dev/pandas,https://github.com/soarsmu/BugsInPy/tree/11c5f1eea954a42132cfd06bf257766a7963e0fd/projects/pandas/bugs/121
pandas,122,3.8.3,"uv, Python 3.8",3: large native stack to compile,project-itself cython h5py kiwisolver lxml matplotlib numpy scipy,yes,07e6b9d,30059081e946a2020d08d49bf4fa7b771d10089a,pandas/tests/internals/test_internals.py,https://github.com/pandas-dev/pandas,https://github.com/soarsmu/BugsInPy/tree/11c5f1eea954a42132cfd06bf257766a7963e0fd/projects/pandas/bugs/122
pandas,123,3.8.3,"uv, Python 3.8",3: large native stack to compile,project-itself cython h5py kiwisolver lxml matplotlib numpy scipy,yes,b6d64d2,17fe9a467581ca39f44c89876ebd0d38b9ca77ea,pandas/tests/indexes/test_numeric.py;pandas/tests/indexes/test_range.py,https://github.com/pandas-dev/pandas,https://github.com/soarsmu/BugsInPy/tree/11c5f1eea954a42132cfd06bf257766a7963e0fd/projects/pandas/bugs/123
pandas,124,3.8.3,"uv, Python 3.8",3: large native stack to compile,project-itself cython h5py kiwisolver lxml matplotlib numpy scipy,yes,deceebe,5a0f7e9e03976020ba52a7473f90cb1c8a4354c0,pandas/tests/test_strings.py,https://github.com/pandas-dev/pandas,https://github.com/soarsmu/BugsInPy/tree/11c5f1eea954a42132cfd06bf257766a7963e0fd/projects/pandas/bugs/124
pandas,125,3.8.3,"uv, Python 3.8",3: large native stack to compile,project-itself cython h5py kiwisolver lxml matplotlib numpy scipy,yes,e639af2,fb08ceeeeba2ba62f92b47d424b3ae83c20ed9db,pandas/tests/arrays/categorical/test_algos.py;pandas/tests/frame/test_replace.py,https://github.com/pandas-dev/pandas,https://github.com/soarsmu/BugsInPy/tree/11c5f1eea954a42132cfd06bf257766a7963e0fd/projects/pandas/bugs/125
pandas,126,3.8.3,"uv, Python 3.8",3: large native stack to compile,project-itself cython h5py kiwisolver lxml matplotlib numpy scipy,yes,29be383,e639af2afd18b90ab9063df9c1927ae1f357a418,pandas/tests/frame/test_combine_concat.py,https://github.com/pandas-dev/pandas,https://github.com/soarsmu/BugsInPy/tree/11c5f1eea954a42132cfd06bf257766a7963e0fd/projects/pandas/bugs/126
pandas,127,3.8.3,"uv, Python 3.8",3: large native stack to compile,project-itself cython h5py kiwisolver lxml matplotlib numpy scipy,yes,f7d6b58,710d82c0d393c9031e469ec0371660d8187b7dc3,pandas/tests/series/test_timeseries.py,https://github.com/pandas-dev/pandas,https://github.com/soarsmu/BugsInPy/tree/11c5f1eea954a42132cfd06bf257766a7963e0fd/projects/pandas/bugs/127
pandas,128,3.8.3,"uv, Python 3.8",3: large native stack to compile,project-itself cython h5py kiwisolver lxml matplotlib numpy scipy,yes,794a1c2,112e6b8d054f9adc1303138533ed6506975f94db,pandas/tests/io/json/test_readlines.py,https://github.com/pandas-dev/pandas,https://github.com/soarsmu/BugsInPy/tree/11c5f1eea954a42132cfd06bf257766a7963e0fd/projects/pandas/bugs/128
pandas,129,3.8.3,"uv, Python 3.8",3: large native stack to compile,project-itself cython h5py kiwisolver lxml matplotlib numpy scipy,yes,5b580fb,82c9547ddcaf2fd70e00f1368731f14a03bbac88,pandas/tests/arithmetic/test_timedelta64.py,https://github.com/pandas-dev/pandas,https://github.com/soarsmu/BugsInPy/tree/11c5f1eea954a42132cfd06bf257766a7963e0fd/projects/pandas/bugs/129
pandas,130,3.8.3,"uv, Python 3.8",3: large native stack to compile,project-itself cython h5py kiwisolver lxml matplotlib numpy scipy,yes,7adc14a,8efc717e4652e1e4bfbc4455da1d40eb676eed91,pandas/tests/groupby/test_value_counts.py,https://github.com/pandas-dev/pandas,https://github.com/soarsmu/BugsInPy/tree/11c5f1eea954a42132cfd06bf257766a7963e0fd/projects/pandas/bugs/130
pandas,131,3.8.3,"uv, Python 3.8",3: large native stack to compile,project-itself cython h5py kiwisolver lxml matplotlib numpy scipy,yes,73745be,bf5848f111c92fc5c6c11a93a3bc2480f138f1b1,pandas/tests/series/test_datetime_values.py,https://github.com/pandas-dev/pandas,https://github.com/soarsmu/BugsInPy/tree/11c5f1eea954a42132cfd06bf257766a7963e0fd/projects/pandas/bugs/131
pandas,132,3.8.3,"uv, Python 3.8",3: large native stack to compile,project-itself cython h5py kiwisolver lxml matplotlib numpy scipy,yes,221c8a7,bd8f07fb29d2ac819f4c8e8e1b8e6d40f8b0f40c,pandas/tests/reductions/test_reductions.py,https://github.com/pandas-dev/pandas,https://github.com/soarsmu/BugsInPy/tree/11c5f1eea954a42132cfd06bf257766a7963e0fd/projects/pandas/bugs/132
pandas,133,3.8.3,"uv, Python 3.8",3: large native stack to compile,project-itself cython h5py kiwisolver lxml matplotlib numpy scipy,yes,343544d,c983d52e3a3a8a191359814417f375b1dc8b04c1,pandas/tests/frame/test_missing.py,https://github.com/pandas-dev/pandas,https://github.com/soarsmu/BugsInPy/tree/11c5f1eea954a42132cfd06bf257766a7963e0fd/projects/pandas/bugs/133
pandas,134,3.8.3,"uv, Python 3.8",3: large native stack to compile,project-itself cython h5py kiwisolver lxml matplotlib numpy scipy,yes,da1401b,b1eb97bdfe17f477600eef19e82d65480457bbf5,pandas/tests/tseries/holiday/test_calendar.py,https://github.com/pandas-dev/pandas,https://github.com/soarsmu/BugsInPy/tree/11c5f1eea954a42132cfd06bf257766a7963e0fd/projects/pandas/bugs/134
pandas,135,3.8.3,"uv, Python 3.8",3: large native stack to compile,project-itself cython h5py kiwisolver lxml matplotlib numpy scipy,yes,0df22b6,f41219179de69fed5c2a4b7df821394af1aa6559,pandas/tests/extension/decimal/test_decimal.py,https://github.com/pandas-dev/pandas,https://github.com/soarsmu/BugsInPy/tree/11c5f1eea954a42132cfd06bf257766a7963e0fd/projects/pandas/bugs/135
pandas,136,3.8.3,"uv, Python 3.8",3: large native stack to compile,project-itself cython h5py kiwisolver lxml matplotlib numpy scipy,yes,3954fa7,6241b9d3b3b8fd688cf32e45539719f1b9ec25c1,pandas/tests/reshape/merge/test_merge_asof.py,https://github.com/pandas-dev/pandas,https://github.com/soarsmu/BugsInPy/tree/11c5f1eea954a42132cfd06bf257766a7963e0fd/projects/pandas/bugs/136
pandas,137,3.8.3,"uv, Python 3.8",3: large native stack to compile,project-itself cython h5py kiwisolver lxml matplotlib numpy scipy,yes,a1b2c4b,48f1a67469c91c38e78ebb2648061fe73dd79e6b,pandas/tests/extension/test_categorical.py;pandas/tests/reshape/merge/test_merge.py,https://github.com/pandas-dev/pandas,https://github.com/soarsmu/BugsInPy/tree/11c5f1eea954a42132cfd06bf257766a7963e0fd/projects/pandas/bugs/137
pandas,138,3.8.3,"uv, Python 3.8",3: large native stack to compile,project-itself cython h5py kiwisolver lxml matplotlib numpy scipy,yes,3dcbec5,c59c2df94e5563819a824f49fa6f55636bdb4445,pandas/tests/reshape/test_qcut.py,https://github.com/pandas-dev/pandas,https://github.com/soarsmu/BugsInPy/tree/11c5f1eea954a42132cfd06bf257766a7963e0fd/projects/pandas/bugs/138
pandas,139,3.8.3,"uv, Python 3.8",3: large native stack to compile,project-itself cython h5py kiwisolver lxml matplotlib numpy scipy,yes,7705cd2,0ffdbe36f0df732f2700cda4a84be758084ff901,pandas/tests/groupby/test_categorical.py,https://github.com/pandas-dev/pandas,https://github.com/soarsmu/BugsInPy/tree/11c5f1eea954a42132cfd06bf257766a7963e0fd/projects/pandas/bugs/139
pandas,140,3.8.3,"uv, Python 3.8",3: large native stack to compile,project-itself cython h5py kiwisolver lxml matplotlib numpy scipy,yes,3b19e1d,4375daffeed16531bae3fdaf85324b590d1dcb59,pandas/tests/groupby/test_apply.py,https://github.com/pandas-dev/pandas,https://github.com/soarsmu/BugsInPy/tree/11c5f1eea954a42132cfd06bf257766a7963e0fd/projects/pandas/bugs/140
pandas,141,3.8.3,"uv, Python 3.8",3: large native stack to compile,project-itself cython h5py kiwisolver lxml matplotlib numpy scipy,yes,b298696,411dd249e755d7e281603fe3e0ab9e0e48383df9,pandas/tests/indexes/test_range.py,https://github.com/pandas-dev/pandas,https://github.com/soarsmu/BugsInPy/tree/11c5f1eea954a42132cfd06bf257766a7963e0fd/projects/pandas/bugs/141
pandas,142,3.8.3,"uv, Python 3.8",3: large native stack to compile,project-itself cython h5py kiwisolver lxml matplotlib numpy scipy,yes,7721f31,65815e6f33e25991e3d40a53c581ffb3c7daf70f,pandas/tests/series/test_analytics.py,https://github.com/pandas-dev/pandas,https://github.com/soarsmu/BugsInPy/tree/11c5f1eea954a42132cfd06bf257766a7963e0fd/projects/pandas/bugs/142
pandas,143,3.8.3,"uv, Python 3.8",3: large native stack to compile,project-itself cython h5py kiwisolver lxml matplotlib numpy scipy,yes,c13c13b,df918becf698741861da0e9b7e810d477b0eb194,pandas/tests/frame/test_indexing.py;pandas/tests/indexes/test_range.py,https://github.com/pandas-dev/pandas,https://github.com/soarsmu/BugsInPy/tree/11c5f1eea954a42132cfd06bf257766a7963e0fd/projects/pandas/bugs/143
pandas,144,3.8.3,"uv, Python 3.8",3: large native stack to compile,project-itself cython h5py kiwisolver lxml matplotlib numpy scipy,yes,b106108,ffe6cfdbf82d663c3f77567bde11f1666de1df38,pandas/tests/plotting/test_series.py,https://github.com/pandas-dev/pandas,https://github.com/soarsmu/BugsInPy/tree/11c5f1eea954a42132cfd06bf257766a7963e0fd/projects/pandas/bugs/144
pandas,145,3.8.3,"uv, Python 3.8",3: large native stack to compile,project-itself cython h5py kiwisolver lxml matplotlib numpy scipy,yes,3bd222d,f08a1e62e31fc11e7e5bd7bec72b7e6d86473423,pandas/tests/frame/test_arithmetic.py,https://github.com/pandas-dev/pandas,https://github.com/soarsmu/BugsInPy/tree/11c5f1eea954a42132cfd06bf257766a7963e0fd/projects/pandas/bugs/145
pandas,146,3.8.3,"uv, Python 3.8",3: large native stack to compile,project-itself cython h5py kiwisolver lxml matplotlib numpy scipy,yes,5ebb1e4,74cba561ece511e24abb5145225bf98a929ca6c9,pandas/tests/dtypes/test_missing.py,https://github.com/pandas-dev/pandas,https://github.com/soarsmu/BugsInPy/tree/11c5f1eea954a42132cfd06bf257766a7963e0fd/projects/pandas/bugs/146
pandas,147,3.8.3,"uv, Python 3.8",3: large native stack to compile,project-itself cython h5py kiwisolver lxml matplotlib numpy scipy,yes,6acfc75,773f341c8cc5a481a5a222508718034457ed1ebc,pandas/tests/dtypes/test_dtypes.py,https://github.com/pandas-dev/pandas,https://github.com/soarsmu/BugsInPy/tree/11c5f1eea954a42132cfd06bf257766a7963e0fd/projects/pandas/bugs/147
pandas,148,3.8.3,"uv, Python 3.8",3: large native stack to compile,project-itself cython h5py kiwisolver lxml matplotlib numpy scipy,yes,4ac7f9d,95edcf1cbee630e42daca0404c44d8128ea156fb,pandas/tests/frame/test_apply.py,https://github.com/pandas-dev/pandas,https://github.com/soarsmu/BugsInPy/tree/11c5f1eea954a42132cfd06bf257766a7963e0fd/projects/pandas/bugs/148
pandas,149,3.8.3,"uv, Python 3.8",3: large native stack to compile,project-itself cython h5py kiwisolver lxml matplotlib numpy pandas scipy,yes,0d69d91,fa1364d1299a53093bc704f9c34c595b602a568b,pandas/tests/io/test_gcs.py,https://github.com/pandas-dev/pandas,https://github.com/soarsmu/BugsInPy/tree/11c5f1eea954a42132cfd06bf257766a7963e0fd/projects/pandas/bugs/149
pandas,150,3.8.3,"uv, Python 3.8",3: large native stack to compile,project-itself cython h5py kiwisolver lxml matplotlib numpy pandas scipy,yes,54e9b75,d38627b5889db3f663cad339fe8f995af823b76b,pandas/tests/dtypes/test_missing.py,https://github.com/pandas-dev/pandas,https://github.com/soarsmu/BugsInPy/tree/11c5f1eea954a42132cfd06bf257766a7963e0fd/projects/pandas/bugs/150
pandas,151,3.8.3,"uv, Python 3.8",3: large native stack to compile,project-itself cython h5py kiwisolver lxml matplotlib numpy pandas scipy,yes,6110608,5a227a410c520ceec2d94369a44e2ab774a40dc3,pandas/tests/arrays/test_numpy.py,https://github.com/pandas-dev/pandas,https://github.com/soarsmu/BugsInPy/tree/11c5f1eea954a42132cfd06bf257766a7963e0fd/projects/pandas/bugs/151
pandas,152,3.8.3,"uv, Python 3.8",3: large native stack to compile,project-itself cython h5py kiwisolver lxml matplotlib numpy pandas scipy,yes,eb8cce0,f61deb962ac0853595a43ad024c482b018d1792b,pandas/tests/series/test_combine_concat.py,https://github.com/pandas-dev/pandas,https://github.com/soarsmu/BugsInPy/tree/11c5f1eea954a42132cfd06bf257766a7963e0fd/projects/pandas/bugs/152
pandas,153,3.8.3,"uv, Python 3.8",3: large native stack to compile,project-itself cython h5py kiwisolver lxml matplotlib numpy pandas scipy,yes,ae22b80,0c0a0cfbadcf01864d499599712edc9022eea12e,pandas/tests/io/formats/test_to_csv.py,https://github.com/pandas-dev/pandas,https://github.com/soarsmu/BugsInPy/tree/11c5f1eea954a42132cfd06bf257766a7963e0fd/projects/pandas/bugs/153
pandas,154,3.8.3,"uv, Python 3.8",3: large native stack to compile,project-itself cython h5py kiwisolver lxml matplotlib numpy pandas scipy,yes,3f5b5c4,e0c63b4cfaa821dfe310f4a8a1f84929ced5f5bd,pandas/tests/groupby/test_groupby.py,https://github.com/pandas-dev/pandas,https://github.com/soarsmu/BugsInPy/tree/11c5f1eea954a42132cfd06bf257766a7963e0fd/projects/pandas/bugs/154
pandas,155,3.8.3,"uv, Python 3.8",3: large native stack to compile,project-itself cython h5py kiwisolver lxml matplotlib numpy pandas scipy,yes,4252ab7,0bde7cedf46209a9fd4fa8c7f9fbce8b49aa78cd,pandas/tests/window/test_rolling.py,https://github.com/pandas-dev/pandas,https://github.com/soarsmu/BugsInPy/tree/11c5f1eea954a42132cfd06bf257766a7963e0fd/projects/pandas/bugs/155
pandas,156,3.8.3,"uv, Python 3.8",3: large native stack to compile,project-itself cython h5py kiwisolver lxml matplotlib numpy pandas scipy,yes,42d6ee7,05cc95971e56b503d4df9911a44cd60a7b74cc79,pandas/tests/sparse/frame/test_frame.py,https://github.com/pandas-dev/pandas,https://github.com/soarsmu/BugsInPy/tree/11c5f1eea954a42132cfd06bf257766a7963e0fd/projects/pandas/bugs/156
pandas,157,3.8.3,"uv, Python 3.8",3: large native stack to compile,project-itself cython h5py kiwisolver lxml matplotlib numpy pandas scipy,yes,b1c871c,def01cf7bbb5ef8c9bf2e19737ea918e6a76a143,pandas/tests/reshape/merge/test_merge_asof.py,https://github.com/pandas-dev/pandas,https://github.com/soarsmu/BugsInPy/tree/11c5f1eea954a42132cfd06bf257766a7963e0fd/projects/pandas/bugs/157
pandas,158,3.8.3,"uv, Python 3.8",3: large native stack to compile,project-itself cython h5py kiwisolver lxml matplotlib numpy pandas scipy,yes,a76df79,b1c871ce4b5e76b3cffe1ebd4216d36379872352,pandas/tests/series/test_alter_axes.py,https://github.com/pandas-dev/pandas,https://github.com/soarsmu/BugsInPy/tree/11c5f1eea954a42132cfd06bf257766a7963e0fd/projects/pandas/bugs/158
pandas,159,3.8.3,"uv, Python 3.8",3: large native stack to compile,project-itself cython h5py kiwisolver lxml matplotlib numpy pandas scipy,yes,e55b698,62ab439b168d972546e06d329916c6be7ddd1288,pandas/tests/arithmetic/test_numeric.py,https://github.com/pandas-dev/pandas,https://github.com/soarsmu/BugsInPy/tree/11c5f1eea954a42132cfd06bf257766a7963e0fd/projects/pandas/bugs/159
pandas,160,3.8.3,"uv, Python 3.8",3: large native stack to compile,project-itself cython h5py kiwisolver lxml matplotlib numpy pandas scipy,yes,489d1ff,fb62fcf91c874e9c24fa83693c4e6e613f35f864,pandas/tests/test_expressions.py,https://github.com/pandas-dev/pandas,https://github.com/soarsmu/BugsInPy/tree/11c5f1eea954a42132cfd06bf257766a7963e0fd/projects/pandas/bugs/160
pandas,161,3.8.3,"uv, Python 3.8",3: large native stack to compile,project-itself cython h5py kiwisolver lxml matplotlib numpy pandas scipy,yes,a818281,ca5198a6daa7757e398112a17ccadc9e7d078d96,pandas/tests/series/test_missing.py,https://github.com/pandas-dev/pandas,https://github.com/soarsmu/BugsInPy/tree/11c5f1eea954a42132cfd06bf257766a7963e0fd/projects/pandas/bugs/161
pandas,162,3.8.3,"uv, Python 3.8",3: large native stack to compile,project-itself cython h5py kiwisolver lxml matplotlib numpy pandas scipy,yes,341043d,640d9e1f5fe8ab64d1f6496b8216c28185e53225,pandas/tests/reshape/test_pivot.py,https://github.com/pandas-dev/pandas,https://github.com/soarsmu/BugsInPy/tree/11c5f1eea954a42132cfd06bf257766a7963e0fd/projects/pandas/bugs/162
pandas,163,3.8.3,"uv, Python 3.8",3: large native stack to compile,project-itself cython h5py kiwisolver lxml matplotlib numpy pandas scipy,yes,61819ab,f669f94a186ea444cc771985a915e90eecf218a9,pandas/tests/window/test_rolling.py,https://github.com/pandas-dev/pandas,https://github.com/soarsmu/BugsInPy/tree/11c5f1eea954a42132cfd06bf257766a7963e0fd/projects/pandas/bugs/163
pandas,164,3.8.3,"uv, Python 3.8",3: large native stack to compile,project-itself cython h5py kiwisolver lxml matplotlib numpy pandas scipy,yes,ac69333,61819aba14dd7b3996336aaed84d07cd936d92b5,pandas/tests/indexes/datetimes/test_tools.py,https://github.com/pandas-dev/pandas,https://github.com/soarsmu/BugsInPy/tree/11c5f1eea954a42132cfd06bf257766a7963e0fd/projects/pandas/bugs/164
pandas,165,3.8.3,"uv, Python 3.8",3: large native stack to compile,project-itself cython h5py kiwisolver lxml matplotlib numpy pandas scipy,yes,9fe8a0f,9b1c005142fed227081dd454eab1a414168d458e,pandas/tests/arithmetic/test_datetime64.py,https://github.com/pandas-dev/pandas,https://github.com/soarsmu/BugsInPy/tree/11c5f1eea954a42132cfd06bf257766a7963e0fd/projects/pandas/bugs/165
pandas,166,3.8.3,"uv, Python 3.8",3: large native stack to compile,project-itself cython h5py kiwisolver lxml matplotlib numpy pandas scipy,yes,4056ded,d44fb07063e9a8bd8a209ddce35b40d8a56c8d02,pandas/tests/frame/test_join.py,https://github.com/pandas-dev/pandas,https://github.com/soarsmu/BugsInPy/tree/11c5f1eea954a42132cfd06bf257766a7963e0fd/projects/pandas/bugs/166
pandas,167,3.8.3,"uv, Python 3.8",3: large native stack to compile,project-itself cython h5py kiwisolver lxml matplotlib numpy pandas scipy,yes,6af6d51,226398224d260d908a1f3d0f23c16fa9ffc8f9b0,pandas/tests/indexes/datetimes/test_partial_slicing.py,https://github.com/pandas-dev/pandas,https://github.com/soarsmu/BugsInPy/tree/11c5f1eea954a42132cfd06bf257766a7963e0fd/projects/pandas/bugs/167
pandas,168,3.8.3,"uv, Python 3.8",3: large native stack to compile,project-itself cython h5py kiwisolver lxml matplotlib numpy pandas scipy,yes,2de4fbb,1fa1ad91b29c5474cbb86cbcbcdcd50537cad0ae,pandas/tests/groupby/test_groupby.py,https://github.com/pandas-dev/pandas,https://github.com/soarsmu/BugsInPy/tree/11c5f1eea954a42132cfd06bf257766a7963e0fd/projects/pandas/bugs/168
pandas,169,3.8.3,"uv, Python 3.8",3: large native stack to compile,project-itself cython h5py kiwisolver lxml matplotlib numpy pandas scipy,yes,4d9016e,01babb590cb15ef5c6e9ad890ea580a5112e6999,pandas/tests/frame/test_quantile.py,https://github.com/pandas-dev/pandas,https://github.com/soarsmu/BugsInPy/tree/11c5f1eea954a42132cfd06bf257766a7963e0fd/projects/pandas/bugs/169
PySnooper,1,3.8.1,"uv, Python 3.8",1: nothing to compile,,no,e21a31162f4c54be693d8ca8260e42393b39abd3,56f22f8ffe1c6b2be4d2cf3ad1987fdb66113da2,tests/test_chinese.py,https://github.com/cool-RR/PySnooper,https://github.com/soarsmu/BugsInPy/tree/11c5f1eea954a42132cfd06bf257766a7963e0fd/projects/PySnooper/bugs/1
PySnooper,2,3.8.1,"uv, Python 3.8",1: nothing to compile,,no,e21a31162f4c54be693d8ca8260e42393b39abd3,814abc34a098c1b98cb327105ac396f985d2413e,tests/test_pysnooper.py,https://github.com/cool-RR/PySnooper,https://github.com/soarsmu/BugsInPy/tree/11c5f1eea954a42132cfd06bf257766a7963e0fd/projects/PySnooper/bugs/2
PySnooper,3,3.8.1,"uv, Python 3.8",1: nothing to compile,,no,6e3d797be3fa0a746fb5b1b7c7fea78eb926c208,15555ed760000b049aff8fecc79d29339c1224c3,tests/test_pysnooper.py,https://github.com/cool-RR/PySnooper,https://github.com/soarsmu/BugsInPy/tree/11c5f1eea954a42132cfd06bf257766a7963e0fd/projects/PySnooper/bugs/3
sanic,1,3.8.3,"uv, Python 3.8",3: large native stack to compile,cryptography lxml numpy aiohttp cffi httptools multidict regex typed-ast yarl,yes,e7001b00747b659f7042b0534802b936ee8a53e0,44973125c15304b4262c51c78b5a86bd1daafa86,tests/test_blueprints.py,https://github.com/huge-success/sanic,https://github.com/soarsmu/BugsInPy/tree/11c5f1eea954a42132cfd06bf257766a7963e0fd/projects/sanic/bugs/1
sanic,2,3.8.3,"uv, Python 3.8",3: large native stack to compile,cryptography lxml numpy aiohttp cffi httptools multidict regex typed-ast yarl,yes,ba9b432993019b0af0c4827a5ed42aaa091bd17d,801595e24acdf8050b8d3ffa512d424147848d32,tests/test_app.py,https://github.com/huge-success/sanic,https://github.com/soarsmu/BugsInPy/tree/11c5f1eea954a42132cfd06bf257766a7963e0fd/projects/sanic/bugs/2
sanic,3,3.8.3,"uv, Python 3.8",3: large native stack to compile,cryptography lxml numpy aiohttp cffi httptools multidict regex typed-ast yarl,yes,91f6abaa81248189fbcbdf685e8bdcbb7846609f,861e87347a2d373d6ffa387965a6887c83af632c,tests/test_url_for.py,https://github.com/huge-success/sanic,https://github.com/soarsmu/BugsInPy/tree/11c5f1eea954a42132cfd06bf257766a7963e0fd/projects/sanic/bugs/3
sanic,4,3.8.3,"uv, Python 3.8",3: large native stack to compile,cryptography lxml numpy aiohttp cffi httptools multidict regex typed-ast yarl,yes,e506c89304948bba593e8603ecace1c495b06fd5,e81a8ce07329e95d3d0899b1d774f21759c28e0e,tests/test_requests.py,https://github.com/huge-success/sanic,https://github.com/soarsmu/BugsInPy/tree/11c5f1eea954a42132cfd06bf257766a7963e0fd/projects/sanic/bugs/4
sanic,5,3.8.3,"uv, Python 3.8",3: large native stack to compile,cryptography lxml numpy aiohttp cffi httptools multidict regex typed-ast yarl,yes,e3a27c2cc485d57aa1ff87d9f69098e4ab12727e,b63c06c75a54752d7f3115d3c635580db44b8399,tests/test_logging.py,https://github.com/huge-success/sanic,https://github.com/soarsmu/BugsInPy/tree/11c5f1eea954a42132cfd06bf257766a7963e0fd/projects/sanic/bugs/5
scrapy,1,3.8.3,"uv, Python 3.8",3: large native stack to compile,cryptography lxml cffi,yes,c57512fa669e6f6b1b766a7639206a380f0d10ce,9d9dea0d69709ef0f7aef67ddba1bd7bda25d273,tests/test_spidermiddleware_offsite.py,https://github.com/scrapy/scrapy,https://github.com/soarsmu/BugsInPy/tree/11c5f1eea954a42132cfd06bf257766a7963e0fd/projects/scrapy/bugs/1
scrapy,2,3.8.3,"uv, Python 3.8",3: large native stack to compile,cryptography lxml cffi,yes,f02c3d1dcf3e4880388d19e961e7911be5dc54ff,439a3e59b8e858441f8d97dbc32f398db392330d,tests/test_utils_datatypes.py,https://github.com/scrapy/scrapy,https://github.com/soarsmu/BugsInPy/tree/11c5f1eea954a42132cfd06bf257766a7963e0fd/projects/scrapy/bugs/2
scrapy,3,3.8.3,"uv, Python 3.8",3: large native stack to compile,cryptography lxml cffi,yes,be2e910dd06ba4904e7b10eb5a7e3251e8dab099,66cbceeb0a9104fc0fa238898e38d0d9ce9cbcf6,tests/test_downloadermiddleware_redirect.py,https://github.com/scrapy/scrapy,https://github.com/soarsmu/BugsInPy/tree/11c5f1eea954a42132cfd06bf257766a7963e0fd/projects/scrapy/bugs/3
scrapy,4,3.8.3,"uv, Python 3.8",3: large native stack to compile,cryptography lxml cffi,yes,c8f3d07e86dd41074971b5423fb932c2eda6db1e,16dad81715d3970149c0cf7a318e73a0d84be1ff,tests/test_contracts.py,https://github.com/scrapy/scrapy,https://github.com/soarsmu/BugsInPy/tree/11c5f1eea954a42132cfd06bf257766a7963e0fd/projects/scrapy/bugs/4
scrapy,5,3.8.3,"uv, Python 3.8",3: large native stack to compile,cryptography lxml cffi,yes,426da0ed07637e7efbcfb0fe49546e187d5d7f67,acd2b8d43b5ebec7ffd364b6f335427041a0b98d,tests/test_http_response.py,https://github.com/scrapy/scrapy,https://github.com/soarsmu/BugsInPy/tree/11c5f1eea954a42132cfd06bf257766a7963e0fd/projects/scrapy/bugs/5
scrapy,6,3.8.3,"uv, Python 3.8",3: large native stack to compile,cryptography lxml pillow cffi,yes,8aa2e4f9976d31bbe3a0014b4f1f96ace1b87043,25f609e2a3c27ca7d7d98dbfddb2c049735935bb,tests/test_pipeline_images.py,https://github.com/scrapy/scrapy,https://github.com/soarsmu/BugsInPy/tree/11c5f1eea954a42132cfd06bf257766a7963e0fd/projects/scrapy/bugs/6
scrapy,7,3.8.3,"uv, Python 3.8",3: large native stack to compile,cryptography lxml pillow cffi,yes,e1ceaf3b5fa29326f032c4ed3f50943384b9e63d,074caf434e255bc96f106e57e3e288028f372485,tests/test_http_request.py,https://github.com/scrapy/scrapy,https://github.com/soarsmu/BugsInPy/tree/11c5f1eea954a42132cfd06bf257766a7963e0fd/projects/scrapy/bugs/7
scrapy,8,3.8.3,"uv, Python 3.8",3: large native stack to compile,cryptography lxml pillow cffi,yes,f2f9350c47db73bdfb60773601b59b0633e1595a,4e765acaed7a914630ee5320fa6f6523890a2b9d,tests/test_item.py,https://github.com/scrapy/scrapy,https://github.com/soarsmu/BugsInPy/tree/11c5f1eea954a42132cfd06bf257766a7963e0fd/projects/scrapy/bugs/8
scrapy,9,3.8.3,"uv, Python 3.8",3: large native stack to compile,cryptography lxml pillow cffi,yes,a9c69458ff1667cc4d20ba25bb6a0dd9a5a08ce6,ff3aec661355a82a6f77355a95e1f391fa586c2b,tests/test_mail.py,https://github.com/scrapy/scrapy,https://github.com/soarsmu/BugsInPy/tree/11c5f1eea954a42132cfd06bf257766a7963e0fd/projects/scrapy/bugs/9
scrapy,10,3.8.3,"uv, Python 3.8",3: large native stack to compile,cryptography lxml pillow cffi,yes,6cc83c041eac36e7688dbd9c4c55487a43b622e0,db408528928b2d15043593032913fe40d6eb6783,tests/test_downloadermiddleware_redirect.py,https://github.com/scrapy/scrapy,https://github.com/soarsmu/BugsInPy/tree/11c5f1eea954a42132cfd06bf257766a7963e0fd/projects/scrapy/bugs/10
scrapy,11,3.8.3,"uv, Python 3.8",3: large native stack to compile,cryptography lxml numpy pillow cffi,yes,241bd00e76df142a24699819f8496bdec8f5c83a,9de6f1ca757b7f200d15e94840c9d431cf202276,tests/test_utils_gz.py,https://github.com/scrapy/scrapy,https://github.com/soarsmu/BugsInPy/tree/11c5f1eea954a42132cfd06bf257766a7963e0fd/projects/scrapy/bugs/11
scrapy,12,3.8.3,"uv, Python 3.8",3: large native stack to compile,cryptography lxml numpy pillow cffi,yes,34e7dadf38ba1796094c0c76e92ea8d9837681cc,2c9a38d1f54a12c33d7c9a19e021c840c4a32dee,tests/test_selector.py,https://github.com/scrapy/scrapy,https://github.com/soarsmu/BugsInPy/tree/11c5f1eea954a42132cfd06bf257766a7963e0fd/projects/scrapy/bugs/12
scrapy,13,3.8.3,"uv, Python 3.8",3: large native stack to compile,cryptography lxml numpy pillow cffi,yes,fa78849e335994a1617ed63221a70940c21cca20,414857a593ad5b82fa21d6344928f43f93dc9f14,tests/test_pipeline_images.py,https://github.com/scrapy/scrapy,https://github.com/soarsmu/BugsInPy/tree/11c5f1eea954a42132cfd06bf257766a7963e0fd/projects/scrapy/bugs/13
scrapy,14,3.8.3,"uv, Python 3.8",3: large native stack to compile,cryptography lxml numpy pillow cffi,yes,b7553d921afe356ec858bb1d2e5b1702df05ea24,d43a35735a062a4260b002cfbcd3236c77ef9399,tests/test_utils_gz.py,https://github.com/scrapy/scrapy,https://github.com/soarsmu/BugsInPy/tree/11c5f1eea954a42132cfd06bf257766a7963e0fd/projects/scrapy/bugs/14
scrapy,15,3.8.3,"uv, Python 3.8",3: large native stack to compile,cryptography lxml numpy pillow cffi,yes,b7925e42202d79d2ba9d00b6aded3a451c92fe81,1aec5200bc81493623f2a4e077b4e80e104e47d5,tests/test_utils_url.py,https://github.com/scrapy/scrapy,https://github.com/soarsmu/BugsInPy/tree/11c5f1eea954a42132cfd06bf257766a7963e0fd/projects/scrapy/bugs/15
scrapy,16,3.8.3,"uv, Python 3.8",3: large native stack to compile,cryptography lxml numpy pillow cffi,yes,73a5571c6044d5aea47b4f973e325c2f3d4e25dc,68dedf54cb27847f6d035099b61aa06226549fad,tests/test_utils_url.py,https://github.com/scrapy/scrapy,https://github.com/soarsmu/BugsInPy/tree/11c5f1eea954a42132cfd06bf257766a7963e0fd/projects/scrapy/bugs/16
scrapy,17,3.8.3,"uv, Python 3.8",3: large native stack to compile,cryptography lxml numpy pillow cffi,yes,ebef6d7c6dd8922210db8a4a44f48fe27ee0cd16,65c7c05060fd2d1fc161d4904243d5e0b31e202b,tests/test_utils_response.py,https://github.com/scrapy/scrapy,https://github.com/soarsmu/BugsInPy/tree/11c5f1eea954a42132cfd06bf257766a7963e0fd/projects/scrapy/bugs/17
scrapy,18,3.8.3,"uv, Python 3.8",3: large native stack to compile,cryptography lxml numpy pillow cffi,yes,41588397c04356f2b0c393b61ed68271a08d6ccd,cabed6f183cfb2ab778c57be8c75802fec5e54d4,tests/test_responsetypes.py,https://github.com/scrapy/scrapy,https://github.com/soarsmu/BugsInPy/tree/11c5f1eea954a42132cfd06bf257766a7963e0fd/projects/scrapy/bugs/18
scrapy,19,3.8.3,"uv, Python 3.8",3: large native stack to compile,cryptography lxml numpy pillow cffi,yes,e328a9b9dfa4fbc79c59ed4f45f757e998301c31,1f743996ff00a7b728d59b93d0967e1eb50072f0,tests/test_http_cookies.py,https://github.com/scrapy/scrapy,https://github.com/soarsmu/BugsInPy/tree/11c5f1eea954a42132cfd06bf257766a7963e0fd/projects/scrapy/bugs/19
scrapy,20,3.8.3,"uv, Python 3.8",3: large native stack to compile,cryptography lxml numpy pillow cffi,yes,e328a9b9dfa4fbc79c59ed4f45f757e998301c31,25c56159b86288311630cc0cf6db9d755aeeff1e,tests/test_spider.py,https://github.com/scrapy/scrapy,https://github.com/soarsmu/BugsInPy/tree/11c5f1eea954a42132cfd06bf257766a7963e0fd/projects/scrapy/bugs/20
scrapy,21,3.8.3,"uv, Python 3.8",3: large native stack to compile,cryptography lxml numpy pillow cffi,yes,43a53aca1207a82b663fe7a90c375546ce340a8e,a8a6f050e71fbb7881076a8d6e2867e868d26016,tests/test_downloadermiddleware_robotstxt.py,https://github.com/scrapy/scrapy,https://github.com/soarsmu/BugsInPy/tree/11c5f1eea954a42132cfd06bf257766a7963e0fd/projects/scrapy/bugs/21
scrapy,22,3.8.3,"uv, Python 3.8",3: large native stack to compile,cryptography lxml numpy pillow cffi,yes,a35aec71e96b0c0288c370afa425e8e700dca8b3,bb2cf7c0d7199fffe0aa100e5c8a51c6b4b82fc2,tests/test_exporters.py,https://github.com/scrapy/scrapy,https://github.com/soarsmu/BugsInPy/tree/11c5f1eea954a42132cfd06bf257766a7963e0fd/projects/scrapy/bugs/22
scrapy,23,3.8.3,"uv, Python 3.8",3: large native stack to compile,cryptography lxml numpy pillow cffi,yes,c9e046d11dc63fbdc40effce4e6d15bcecd44593,f042ad0f39594d59a1a2032e6294ff1890638138,tests/test_downloadermiddleware_httpproxy.py,https://github.com/scrapy/scrapy,https://github.com/soarsmu/BugsInPy/tree/11c5f1eea954a42132cfd06bf257766a7963e0fd/projects/scrapy/bugs/23
scrapy,24,3.8.3,"uv, Python 3.8",3: large native stack to compile,cryptography lxml numpy pillow cffi,yes,98c060d0b2cc76934e16abc03a033f21850fd565,0f527849f2e8eddaf5d756b061699f2eca522a18,tests/test_downloader_handlers.py,https://github.com/scrapy/scrapy,https://github.com/soarsmu/BugsInPy/tree/11c5f1eea954a42132cfd06bf257766a7963e0fd/projects/scrapy/bugs/24
scrapy,25,3.8.3,"uv, Python 3.8",3: large native stack to compile,cryptography lxml numpy pillow cffi,yes,57f87b95d4d705f8afdd8fb9f7551033a7d88ee2,9548691fdd47077a53f85daace091ef4af599cb9,tests/test_http_request.py,https://github.com/scrapy/scrapy,https://github.com/soarsmu/BugsInPy/tree/11c5f1eea954a42132cfd06bf257766a7963e0fd/projects/scrapy/bugs/25
scrapy,26,3.8.3,"uv, Python 3.8",3: large native stack to compile,cryptography lxml numpy pillow cffi,yes,f249b309ab779b5ab518f54f309d7a4ac6661ec7,03f1720afb4a437314659a306286f440df664a0b,tests/test_settings/__init__.py,https://github.com/scrapy/scrapy,https://github.com/soarsmu/BugsInPy/tree/11c5f1eea954a42132cfd06bf257766a7963e0fd/projects/scrapy/bugs/26
scrapy,27,3.8.3,"uv, Python 3.8",3: large native stack to compile,cryptography lxml numpy pillow cffi,yes,280eab241680c93a763a3ef3a9ccd0c257259ca0,d164398a27736f75286cc435eca69b06ff7c1c06,tests/test_downloadermiddleware_redirect.py,https://github.com/scrapy/scrapy,https://github.com/soarsmu/BugsInPy/tree/11c5f1eea954a42132cfd06bf257766a7963e0fd/projects/scrapy/bugs/27
scrapy,28,3.8.3,"uv, Python 3.8",3: large native stack to compile,cryptography lxml numpy pillow cffi,yes,e2f31f3018c0037f65982209c22f93b80a5d6e7b,457b97c13ccf9a84f3dc7800c180cf059822c09a,tests/test_dupefilters.py,https://github.com/scrapy/scrapy,https://github.com/soarsmu/BugsInPy/tree/11c5f1eea954a42132cfd06bf257766a7963e0fd/projects/scrapy/bugs/28
scrapy,29,3.8.3,"uv, Python 3.8",3: large native stack to compile,cryptography lxml numpy pillow cffi,yes,5c4666a3d489bd3efa2e188de58721a125a5bfad,8d45b3c4810cb5304ba1193b45697a0df1157326,tests/test_utils_request.py,https://github.com/scrapy/scrapy,https://github.com/soarsmu/BugsInPy/tree/11c5f1eea954a42132cfd06bf257766a7963e0fd/projects/scrapy/bugs/29
scrapy,30,3.8.3,"uv, Python 3.8",3: large native stack to compile,cryptography lxml numpy pillow cffi,yes,4d41cc0dc4821da07d467b368528c61ce48a0df2,3e6d6c43ac0763adf2cd92efdb4a1dc2ba165440,tests/test_command_version.py,https://github.com/scrapy/scrapy,https://github.com/soarsmu/BugsInPy/tree/11c5f1eea954a42132cfd06bf257766a7963e0fd/projects/scrapy/bugs/30
scrapy,31,3.8.3,"uv, Python 3.8",3: large native stack to compile,cryptography lxml numpy pillow cffi,yes,5f02ef82e8560242eb34b336f385addfdef3211d,dba7e39f61cbe2c22d3c9064f32f6e36d74f14b2,tests/test_downloadermiddleware_cookies.py,https://github.com/scrapy/scrapy,https://github.com/soarsmu/BugsInPy/tree/11c5f1eea954a42132cfd06bf257766a7963e0fd/projects/scrapy/bugs/31
scrapy,32,3.8.3,"uv, Python 3.8",3: large native stack to compile,cryptography lxml numpy pillow cffi,yes,342cb622f1ea93268477da557099010bbd72529a,aa6a72707daabfb6217f52e4774f2ff038f83dcc,tests/test_crawler.py,https://github.com/scrapy/scrapy,https://github.com/soarsmu/BugsInPy/tree/11c5f1eea954a42132cfd06bf257766a7963e0fd/projects/scrapy/bugs/32
scrapy,33,3.8.3,"uv, Python 3.8",3: large native stack to compile,cryptography lxml numpy pillow cffi,yes,2d216771976cd7aedfb88ae97418c2d4dcc84917,6dccb3a9b320a8d0808764ac8e6e88e663e2d52c,tests/test_pipeline_media.py;tests/test_utils_log.py,https://github.com/scrapy/scrapy,https://github.com/soarsmu/BugsInPy/tree/11c5f1eea954a42132cfd06bf257766a7963e0fd/projects/scrapy/bugs/33
scrapy,34,3.8.3,"uv, Python 3.8",3: large native stack to compile,cryptography lxml numpy pillow cffi,yes,e521740b3951bacc80d3c9c1db8652ed5e914b89,773ea5a5ef76426dd91a8669542d2602082a5746,tests/test_item.py,https://github.com/scrapy/scrapy,https://github.com/soarsmu/BugsInPy/tree/11c5f1eea954a42132cfd06bf257766a7963e0fd/projects/scrapy/bugs/34
scrapy,35,3.8.3,"uv, Python 3.8",3: large native stack to compile,cryptography lxml numpy pillow cffi,yes,0a5bbbaed3e182d2151b6b34357667901ece353f,c3d3a9491412d2a91b0927a05908593dcd329e4a,tests/test_crawler.py,https://github.com/scrapy/scrapy,https://github.com/soarsmu/BugsInPy/tree/11c5f1eea954a42132cfd06bf257766a7963e0fd/projects/scrapy/bugs/35
scrapy,36,3.8.3,"uv, Python 3.8",3: large native stack to compile,cryptography lxml numpy pillow cffi,yes,cb8140a42a27ede87b0880372024f2f1804618b8,cf9be5344a89dd8e14f8241ec69de9c984ec1e05,tests/test_utils_misc/__init__.py,https://github.com/scrapy/scrapy,https://github.com/soarsmu/BugsInPy/tree/11c5f1eea954a42132cfd06bf257766a7963e0fd/projects/scrapy/bugs/36
scrapy,37,3.8.3,"uv, Python 3.8",3: large native stack to compile,cryptography lxml numpy pillow cffi,yes,1d5c270ce8caf954ce83c8db262e2a35707e0c5e,f701f5b0db10faef08e4ed9a21b98fd72f9cfc9a,tests/test_http_request.py,https://github.com/scrapy/scrapy,https://github.com/soarsmu/BugsInPy/tree/11c5f1eea954a42132cfd06bf257766a7963e0fd/projects/scrapy/bugs/37
scrapy,38,3.8.3,"uv, Python 3.8",3: large native stack to compile,cryptography lxml numpy pillow cffi,yes,6cc6bbb5fc5c102271829a554772effb0444023c,6c3970e6722191b642fd99c6c1bfed0d93010cab,tests/test_http_request.py,https://github.com/scrapy/scrapy,https://github.com/soarsmu/BugsInPy/tree/11c5f1eea954a42132cfd06bf257766a7963e0fd/projects/scrapy/bugs/38
scrapy,39,3.8.3,"uv, Python 3.8",3: large native stack to compile,cryptography lxml numpy pillow cffi,yes,692975acb40c6394424dfb728b1ffa46b3b3c55d,a1e8a8525d2312842c7e1cca8ba6e4e1a83084b7,tests/test_spider.py,https://github.com/scrapy/scrapy,https://github.com/soarsmu/BugsInPy/tree/11c5f1eea954a42132cfd06bf257766a7963e0fd/projects/scrapy/bugs/39
scrapy,40,3.8.3,"uv, Python 3.8",3: large native stack to compile,cryptography lxml numpy pillow cffi,yes,7d24df37380cd5a5b7394cd2534e240bd2eff0ca,f1d971a5c0cdfe0f4fe5619146cd6818324fc98e,tests/test_exporters.py,https://github.com/scrapy/scrapy,https://github.com/soarsmu/BugsInPy/tree/11c5f1eea954a42132cfd06bf257766a7963e0fd/projects/scrapy/bugs/40
spacy,1,3.7.7,"Docker, Python 3.7",3: large native stack to compile,project-itself blis cymem cython murmurhash numpy preshed srsly thinc,yes,9ce059dd067ecc3f097d04023e3cfa0d70d35bb8,a987e9e45d4084f30964a4cec9914ae6ed25a73c,spacy/tests/test_errors.py,https://github.com/explosion/spaCy,https://github.com/soarsmu/BugsInPy/tree/11c5f1eea954a42132cfd06bf257766a7963e0fd/projects/spacy/bugs/1
spacy,2,3.7.7,"Docker, Python 3.7",3: large native stack to compile,project-itself blis cymem cython murmurhash numpy preshed srsly thinc,yes,efec28ce70a0ff69471cc379867deebe7eb881e0,cfdaf99b8029d6762730c5d5bd2b6f6c173c1241,spacy/tests/regression/test_issue5137.py,https://github.com/explosion/spaCy,https://github.com/soarsmu/BugsInPy/tree/11c5f1eea954a42132cfd06bf257766a7963e0fd/projects/spacy/bugs/2
spacy,3,3.7.7,"Docker, Python 3.7",3: large native stack to compile,project-itself blis cymem cython murmurhash numpy preshed srsly thinc,yes,dac70f29eb3b1f21ae9e2c6346666bf6a46307b6,663333c3b2bad90915d1a48a626ca1275b7ef077,spacy/tests/regression/test_issue5314.py,https://github.com/explosion/spaCy,https://github.com/soarsmu/BugsInPy/tree/11c5f1eea954a42132cfd06bf257766a7963e0fd/projects/spacy/bugs/3
spacy,4,3.8.3,"uv, Python 3.8",3: large native stack to compile,project-itself blis cymem cython murmurhash numpy preshed srsly thinc,yes,abd5c06374eab5db0cf897b73543b1f3eb007e12,9fa9d7f2cb52ce6a70c264d4e57c7f190d7686bf,spacy/tests/regression/test_issue4665.py,https://github.com/explosion/spaCy,https://github.com/soarsmu/BugsInPy/tree/11c5f1eea954a42132cfd06bf257766a7963e0fd/projects/spacy/bugs/4
spacy,5,3.7.7,"Docker, Python 3.7",3: large native stack to compile,project-itself blis cymem cython murmurhash numpy preshed srsly thinc,yes,bdfb696677a7591ced018e7597c00929e97c6837,3bd15055ce74b04dcaf3b9abe2adeb01fb595776,spacy/tests/test_language.py,https://github.com/explosion/spaCy,https://github.com/soarsmu/BugsInPy/tree/11c5f1eea954a42132cfd06bf257766a7963e0fd/projects/spacy/bugs/5
spacy,6,3.7.7,"Docker, Python 3.7",3: large native stack to compile,project-itself blis cymem cython murmurhash numpy preshed srsly thinc,yes,6b874ef09611ac32ad038203423d44087cbeb3ae,afe4a428f78abe45d6104d74ef42a066570fa43d,spacy/tests/pipeline/test_analysis.py,https://github.com/explosion/spaCy,https://github.com/soarsmu/BugsInPy/tree/11c5f1eea954a42132cfd06bf257766a7963e0fd/projects/spacy/bugs/6
spacy,7,3.7.7,"Docker, Python 3.7",3: large native stack to compile,project-itself blis cymem cython murmurhash numpy preshed srsly thinc,yes,da6e0de34f4947fdebc839df3969c641014cfa97,6f54e59fe7ccb3bacce896ed33d36b39f11cbfaf,spacy/tests/doc/test_span.py,https://github.com/explosion/spaCy,https://github.com/soarsmu/BugsInPy/tree/11c5f1eea954a42132cfd06bf257766a7963e0fd/projects/spacy/bugs/7
spacy,8,3.7.7,"Docker, Python 3.7",3: large native stack to compile,project-itself blis cymem cython murmurhash numpy preshed srsly thinc,yes,fa95c030a511337935d1a2e930cb954c7a4cd376,5efae495f18f37316bd641a05ca26e62cb78e242,spacy/tests/matcher/test_matcher_logic.py,https://github.com/explosion/spaCy,https://github.com/soarsmu/BugsInPy/tree/11c5f1eea954a42132cfd06bf257766a7963e0fd/projects/spacy/bugs/8
spacy,9,3.7.7,"Docker, Python 3.7",3: large native stack to compile,project-itself blis cymem cython murmurhash numpy preshed srsly thinc,yes,bc7e7db208d351fae2982afbcdff7633f9636779,3297a19545027c8d8550b1ae793ce290567eff32,spacy/tests/pipeline/test_tagger.py,https://github.com/explosion/spaCy,https://github.com/soarsmu/BugsInPy/tree/11c5f1eea954a42132cfd06bf257766a7963e0fd/projects/spacy/bugs/9
spacy,10,3.7.7,"Docker, Python 3.7",3: large native stack to compile,project-itself blis cymem cython murmurhash numpy preshed srsly thinc,yes,38de08c7a99d5d8c490223126071afe7dd4f4b67,52904b72700a3f301a26563d3f94493bad96a446,spacy/tests/matcher/test_matcher_api.py,https://github.com/explosion/spaCy,https://github.com/soarsmu/BugsInPy/tree/11c5f1eea954a42132cfd06bf257766a7963e0fd/projects/spacy/bugs/10
thefuck,1,3.7.0,"Docker, Python 3.7",2: small C extensions to compile,psutil,yes,2ced7a7f33ae0bec3ffc7a43ce95330bdf6cfcb9,444908ce1c17767ef4aaf9e0b4950497914f7f63,tests/rules/test_pip_unknown_command.py,https://github.com/nvbn/thefuck,https://github.com/soarsmu/BugsInPy/tree/11c5f1eea954a42132cfd06bf257766a7963e0fd/projects/thefuck/bugs/1
thefuck,2,3.7.0,"Docker, Python 3.7",2: small C extensions to compile,psutil,yes,40ab4eb62db57627bff10cf029d29c94704086a2,78ef9eec88f43d5727986be2237f6e0e250cbbbc,tests/test_utils.py,https://github.com/nvbn/thefuck,https://github.com/soarsmu/BugsInPy/tree/11c5f1eea954a42132cfd06bf257766a7963e0fd/projects/thefuck/bugs/2
thefuck,3,3.7.0,"Docker, Python 3.7",2: small C extensions to compile,psutil,yes,ac343fb1bd7dadbb9e1a9fd7e3071f5778e338a4,ce5feaebf7fd5c1190b5e14fbc1e962cc8db5f39,tests/shells/test_fish.py,https://github.com/nvbn/thefuck,https://github.com/soarsmu/BugsInPy/tree/11c5f1eea954a42132cfd06bf257766a7963e0fd/projects/thefuck/bugs/3
thefuck,4,3.7.0,"Docker, Python 3.7",2: small C extensions to compile,psutil,yes,68949a592248913b52bfd50036893553153fcddb,8db3cf604865e559090412ce80b0640e290ad83a,tests/shells/test_fish.py,https://github.com/nvbn/thefuck,https://github.com/soarsmu/BugsInPy/tree/11c5f1eea954a42132cfd06bf257766a7963e0fd/projects/thefuck/bugs/4
thefuck,5,3.7.0,"Docker, Python 3.7",2: small C extensions to compile,psutil,yes,7c858fadb3458be829d3d43666ccb46c3ed5b8a0,c205683a8df8a57e2db1e9816a5a7ce3255b08fc,tests/rules/test_git_push.py,https://github.com/nvbn/thefuck,https://github.com/soarsmu/BugsInPy/tree/11c5f1eea954a42132cfd06bf257766a7963e0fd/projects/thefuck/bugs/5
thefuck,6,3.7.0,"Docker, Python 3.7",2: small C extensions to compile,psutil,yes,797ca1c5647c565f62e21a8e29515c8b0fbe275f,7c858fadb3458be829d3d43666ccb46c3ed5b8a0,tests/rules/test_git_branch_exists.py,https://github.com/nvbn/thefuck,https://github.com/soarsmu/BugsInPy/tree/11c5f1eea954a42132cfd06bf257766a7963e0fd/projects/thefuck/bugs/6
thefuck,7,3.7.0,"Docker, Python 3.7",2: small C extensions to compile,psutil,yes,64d6835e15a22cf8803d398cbb593f748c550e8a,75d2c43997ca703150cbdb4c46ed7b2e2e71fd11,tests/rules/test_php_s.py,https://github.com/nvbn/thefuck,https://github.com/soarsmu/BugsInPy/tree/11c5f1eea954a42132cfd06bf257766a7963e0fd/projects/thefuck/bugs/7
thefuck,8,3.7.0,"Docker, Python 3.7",2: small C extensions to compile,psutil,yes,449cb9a00693c8b4d97d5fda8d732cf0978e117e,be48f027847161f907def8987706041c65a1fd58,tests/rules/test_dnf_no_such_command.py,https://github.com/nvbn/thefuck,https://github.com/soarsmu/BugsInPy/tree/11c5f1eea954a42132cfd06bf257766a7963e0fd/projects/thefuck/bugs/8
thefuck,9,3.7.0,"Docker, Python 3.7",2: small C extensions to compile,psutil,yes,ce6b82c92d78ae283cb3db001766b76f6647bc47,feb36ede5c518fdc3b6eddf945b2d8b1e2294d15,tests/rules/test_git_push.py,https://github.com/nvbn/thefuck,https://github.com/soarsmu/BugsInPy/tree/11c5f1eea954a42132cfd06bf257766a7963e0fd/projects/thefuck/bugs/9
thefuck,10,3.7.0,"Docker, Python 3.7",2: small C extensions to compile,psutil,yes,8bd6c5da67e55c64257345efa4e3cc454c42475c,0c84eefa55fc1b4bc4940b41d74568884344e35c,tests/rules/test_man.py,https://github.com/nvbn/thefuck,https://github.com/soarsmu/BugsInPy/tree/11c5f1eea954a42132cfd06bf257766a7963e0fd/projects/thefuck/bugs/10
thefuck,11,3.7.0,"Docker, Python 3.7",2: small C extensions to compile,psutil,yes,92f3c8fb52b32b79005b4864c31a5c2d8c45f4b1,db7dffdb44ae5c7be8de088765463fbda96197d1,tests/rules/test_git_push.py,https://github.com/nvbn/thefuck,https://github.com/soarsmu/BugsInPy/tree/11c5f1eea954a42132cfd06bf257766a7963e0fd/projects/thefuck/bugs/11
thefuck,12,3.7.0,"Docker, Python 3.7",2: small C extensions to compile,psutil,yes,4c2fc490f280ca3921785d8f58a37274ced35ce6,ca787a1cba3cc9b26b43919c5e60acb40ebcd919,tests/rules/test_no_command.py,https://github.com/nvbn/thefuck,https://github.com/soarsmu/BugsInPy/tree/11c5f1eea954a42132cfd06bf257766a7963e0fd/projects/thefuck/bugs/12
thefuck,13,3.7.0,"Docker, Python 3.7",2: small C extensions to compile,psutil,yes,2af65071d84a7d1d14a4126364d9b4c9b5241f3c,237bc579994de633fe104714156ddfa925a50b6e,tests/rules/test_git_branch_exists.py,https://github.com/nvbn/thefuck,https://github.com/soarsmu/BugsInPy/tree/11c5f1eea954a42132cfd06bf257766a7963e0fd/projects/thefuck/bugs/13
thefuck,14,3.7.0,"Docker, Python 3.7",2: small C extensions to compile,psutil,yes,183b70c8b8885843efefd2bd4e74dc0a7d42d173,db6053b301e2b3f4363401e457b5dc4ad2e8429b,tests/shells/test_fish.py,https://github.com/nvbn/thefuck,https://github.com/soarsmu/BugsInPy/tree/11c5f1eea954a42132cfd06bf257766a7963e0fd/projects/thefuck/bugs/14
thefuck,15,3.7.0,"Docker, Python 3.7",2: small C extensions to compile,psutil,yes,3a39deb485995e67afb1919972cd1c9aaedf4c32,41707b80c61acadb7c87b0efcbf10f4186dc5937,tests/rules/test_git_add.py,https://github.com/nvbn/thefuck,https://github.com/soarsmu/BugsInPy/tree/11c5f1eea954a42132cfd06bf257766a7963e0fd/projects/thefuck/bugs/15
thefuck,16,3.7.0,"Docker, Python 3.7",2: small C extensions to compile,psutil,yes,d92765d5df6607cb2f2fb67cee7b63f64ac7aa6b,bb5f6bb705a3b217eb682f3357ec6bbb709555c1,tests/shells/test_bash.py;tests/shells/test_zsh.py,https://github.com/nvbn/thefuck,https://github.com/soarsmu/BugsInPy/tree/11c5f1eea954a42132cfd06bf257766a7963e0fd/projects/thefuck/bugs/16
thefuck,17,3.7.0,"Docker, Python 3.7",2: small C extensions to compile,psutil,yes,f7f0660114a02fe49578ec5684dd02c81042d175,7ce4307c87c1e2e4106db2c961e48e249be987be,tests/shells/test_bash.py,https://github.com/nvbn/thefuck,https://github.com/soarsmu/BugsInPy/tree/11c5f1eea954a42132cfd06bf257766a7963e0fd/projects/thefuck/bugs/17
thefuck,18,3.7.0,"Docker, Python 3.7",2: small C extensions to compile,psutil,yes,b65a9a0a4fd9bef394b45a1d367d29aa1e1c403e,c3b1ba763708b8faaaf55717c436c4cd4c57a7ea,tests/rules/test_sudo.py,https://github.com/nvbn/thefuck,https://github.com/soarsmu/BugsInPy/tree/11c5f1eea954a42132cfd06bf257766a7963e0fd/projects/thefuck/bugs/18
thefuck,19,3.7.0,"Docker, Python 3.7",2: small C extensions to compile,psutil,yes,959b96cf6ec8cedda05dc58efe0e0f3bd6ed2f4e,dc23d67a42dad54308a753639edd1ea0d15cb2e7,tests/rules/test_git_push_force.py,https://github.com/nvbn/thefuck,https://github.com/soarsmu/BugsInPy/tree/11c5f1eea954a42132cfd06bf257766a7963e0fd/projects/thefuck/bugs/19
thefuck,20,3.7.0,"Docker, Python 3.7",2: small C extensions to compile,psutil,yes,0a6a3db65d2fc480c5b2f1135137f34c9f06b742,280751b36e715b006c631ba6c08de99ccc74f6d2,tests/rules/test_dirty_unzip.py,https://github.com/nvbn/thefuck,https://github.com/soarsmu/BugsInPy/tree/11c5f1eea954a42132cfd06bf257766a7963e0fd/projects/thefuck/bugs/20
thefuck,21,3.7.0,"Docker, Python 3.7",2: small C extensions to compile,psutil,yes,71dc2666ccf62e653291d9a7a08e2c6c3320425b,213791d3c2af379ffa37a140735998736b41912e,tests/rules/test_git_fix_stash.py,https://github.com/nvbn/thefuck,https://github.com/soarsmu/BugsInPy/tree/11c5f1eea954a42132cfd06bf257766a7963e0fd/projects/thefuck/bugs/21
thefuck,22,3.7.0,"Docker, Python 3.7",2: small C extensions to compile,psutil,yes,faa7ee603057fa98c25507d30180c055d10d13d4,e2e8b6fc865452b4cfc1bed70e5b9b49807258ae,tests/test_types.py,https://github.com/nvbn/thefuck,https://github.com/soarsmu/BugsInPy/tree/11c5f1eea954a42132cfd06bf257766a7963e0fd/projects/thefuck/bugs/22
thefuck,23,3.7.0,"Docker, Python 3.7",2: small C extensions to compile,psutil,yes,4129ff2717cc6e6fa51d70cc4e6c31d56ef8e2c9,9a02e821cdc58a4aba2c0acc521fb25cacab87a5,tests/test_utils.py,https://github.com/nvbn/thefuck,https://github.com/soarsmu/BugsInPy/tree/11c5f1eea954a42132cfd06bf257766a7963e0fd/projects/thefuck/bugs/23
thefuck,24,3.7.0,"Docker, Python 3.7",2: small C extensions to compile,psutil,yes,12394ca8423a438915fed996383b44471fc1139d,5d74344994da89ed01afd448f1c9d86b85e85351,tests/test_types.py,https://github.com/nvbn/thefuck,https://github.com/soarsmu/BugsInPy/tree/11c5f1eea954a42132cfd06bf257766a7963e0fd/projects/thefuck/bugs/24
thefuck,25,3.7.0,"Docker, Python 3.7",2: small C extensions to compile,psutil,yes,42a8b4f639269886e468762e6d100b6f01aad8ab,298c04f89c081dc16c8653aa017ca85dd14bfad6,tests/rules/test_mkdir_p.py,https://github.com/nvbn/thefuck,https://github.com/soarsmu/BugsInPy/tree/11c5f1eea954a42132cfd06bf257766a7963e0fd/projects/thefuck/bugs/25
thefuck,26,3.7.0,"Docker, Python 3.7",2: small C extensions to compile,psutil,yes,7cb0388ed0845545e878b29783bbf8e901a02745,feb3eee2a08f0cba4552373d728509bc90b561ab,tests/rules/test_vagrant_up.py,https://github.com/nvbn/thefuck,https://github.com/soarsmu/BugsInPy/tree/11c5f1eea954a42132cfd06bf257766a7963e0fd/projects/thefuck/bugs/26
thefuck,27,3.7.0,"Docker, Python 3.7",2: small C extensions to compile,psutil,yes,bc6b107066d3f1e60b4cfcaa8cf6399e98cf1b1c,1becd92b126a368d6e7d93aa8eea209414ce4aa2,tests/rules/test_open.py,https://github.com/nvbn/thefuck,https://github.com/soarsmu/BugsInPy/tree/11c5f1eea954a42132cfd06bf257766a7963e0fd/projects/thefuck/bugs/27
thefuck,28,3.7.0,"Docker, Python 3.7",2: small C extensions to compile,psutil,yes,88831c424f569e6a55fc98883d3eeecc7d425b18,9b30ae0424607a4e268bd26eaee8ccb91a5588f9,tests/rules/test_fix_file.py,https://github.com/nvbn/thefuck,https://github.com/soarsmu/BugsInPy/tree/11c5f1eea954a42132cfd06bf257766a7963e0fd/projects/thefuck/bugs/28
thefuck,29,3.7.0,"Docker, Python 3.7",2: small C extensions to compile,psutil,yes,4a2f869c6d6ef03d8d7ada1121cc6631d7ef979e,88831c424f569e6a55fc98883d3eeecc7d425b18,tests/test_types.py;tests/test_utils.py,https://github.com/nvbn/thefuck,https://github.com/soarsmu/BugsInPy/tree/11c5f1eea954a42132cfd06bf257766a7963e0fd/projects/thefuck/bugs/29
thefuck,30,3.7.0,"Docker, Python 3.7",2: small C extensions to compile,psutil,yes,de513cacb150049e3f95434f8d6d30b7ed1e0ea7,43fead02d3a24fef71534116c5550def0f56830c,tests/rules/test_fix_file.py,https://github.com/nvbn/thefuck,https://github.com/soarsmu/BugsInPy/tree/11c5f1eea954a42132cfd06bf257766a7963e0fd/projects/thefuck/bugs/30
thefuck,31,3.7.0,"Docker, Python 3.7",2: small C extensions to compile,psutil,yes,66e2ec7e3f0d3f848c01d87bb3503b0ff90fc78a,1285303363bc420bd7606bd5f808e3f2b4f0e83f,tests/rules/test_git_diff_staged.py,https://github.com/nvbn/thefuck,https://github.com/soarsmu/BugsInPy/tree/11c5f1eea954a42132cfd06bf257766a7963e0fd/projects/thefuck/bugs/31
thefuck,32,3.7.0,"Docker, Python 3.7",2: small C extensions to compile,psutil,yes,cb33c912e5f2f4c2da6b70d708ff0437bfcd3b94,25cc98a21a3450a046caf418f08713c82a290805,tests/rules/test_ls_lah.py,https://github.com/nvbn/thefuck,https://github.com/soarsmu/BugsInPy/tree/11c5f1eea954a42132cfd06bf257766a7963e0fd/projects/thefuck/bugs/32
tornado,1,3.7.0,"Docker, Python 3.7",1: nothing to compile,,yes,6a5a0bfa370b6c0d3dbbf9589a560a98202d2baa,4677c54cc18bbfbdf0f4dadf11610fab6203fd63,tornado/test/websocket_test.py,https://github.com/tornadoweb/tornado,https://github.com/soarsmu/BugsInPy/tree/11c5f1eea954a42132cfd06bf257766a7963e0fd/projects/tornado/bugs/1
tornado,2,3.7.0,"Docker, Python 3.7",1: nothing to compile,,yes,2ca8821d006f6693f920a4b183a3a7c985a5c8ad,4f486a4aec746e9d66441600ee3b0743228b061c,tornado/test/httpclient_test.py,https://github.com/tornadoweb/tornado,https://github.com/soarsmu/BugsInPy/tree/11c5f1eea954a42132cfd06bf257766a7963e0fd/projects/tornado/bugs/2
tornado,3,3.7.0,"Docker, Python 3.7",1: nothing to compile,,yes,940fd87fe9145d1154c8457221f86d56ea063c65,aa622e724f80e0f7fcee369f75d69d1db13d72f2,tornado/test/httpclient_test.py,https://github.com/tornadoweb/tornado,https://github.com/soarsmu/BugsInPy/tree/11c5f1eea954a42132cfd06bf257766a7963e0fd/projects/tornado/bugs/3
tornado,4,3.7.0,"Docker, Python 3.7",1: nothing to compile,,yes,a8420fc681c5423d072978f00eab4d0645057d16,db529031a1e1a6e951826aba0b7d0b18f05cd4c7,tornado/test/web_test.py,https://github.com/tornadoweb/tornado,https://github.com/soarsmu/BugsInPy/tree/11c5f1eea954a42132cfd06bf257766a7963e0fd/projects/tornado/bugs/4
tornado,5,3.7.0,"Docker, Python 3.7",1: nothing to compile,,yes,2d4053daa56c609d642b214399e046671d4a593e,886643965b5cb782503d8d7b374b7a794ec2077b,tornado/test/ioloop_test.py,https://github.com/tornadoweb/tornado,https://github.com/soarsmu/BugsInPy/tree/11c5f1eea954a42132cfd06bf257766a7963e0fd/projects/tornado/bugs/5
tornado,6,3.7.0,"Docker, Python 3.7",1: nothing to compile,,yes,fb74e4816ccfa7fc6a7abd8c8aab1f415cfc1b13,2905ee4fb3c283d40b10f609359e189c83a0dc06,tornado/test/asyncio_test.py,https://github.com/tornadoweb/tornado,https://github.com/soarsmu/BugsInPy/tree/11c5f1eea954a42132cfd06bf257766a7963e0fd/projects/tornado/bugs/6
tornado,7,3.7.0,"Docker, Python 3.7",1: nothing to compile,,no,fa3409179588536f2f743d16e537f6f9827fa92f,a3b44cd701e0e82693363701bc0346b0125d2362,tornado/test/ioloop_test.py,https://github.com/tornadoweb/tornado,https://github.com/soarsmu/BugsInPy/tree/11c5f1eea954a42132cfd06bf257766a7963e0fd/projects/tornado/bugs/7
tornado,8,3.7.0,"Docker, Python 3.7",1: nothing to compile,,no,34c43f4775971ab9b2b8ed43356f218add6387b2,5d4a9ab26372efd255bbb29fde55c41395ed17b1,tornado/test/websocket_test.py,https://github.com/tornadoweb/tornado,https://github.com/soarsmu/BugsInPy/tree/11c5f1eea954a42132cfd06bf257766a7963e0fd/projects/tornado/bugs/8
tornado,9,3.7.0,"Docker, Python 3.7",1: nothing to compile,,no,c9d2a3fa573987629ad576e991c2f3b65f4daab4,86cc31f52992fb9d11f92de6fd5496842fea2265,tornado/test/httputil_test.py,https://github.com/tornadoweb/tornado,https://github.com/soarsmu/BugsInPy/tree/11c5f1eea954a42132cfd06bf257766a7963e0fd/projects/tornado/bugs/9
tornado,10,3.7.0,"Docker, Python 3.7",1: nothing to compile,,no,ecd8968c5135b810cd607b5902dda2cd32122b39,5931d913b4ea250891a0b582f1f8b2901b868c79,tornado/test/websocket_test.py,https://github.com/tornadoweb/tornado,https://github.com/soarsmu/BugsInPy/tree/11c5f1eea954a42132cfd06bf257766a7963e0fd/projects/tornado/bugs/10
tornado,11,3.7.0,"Docker, Python 3.7",1: nothing to compile,,no,79ef301eb05cac82c075198e502d94dad296f6aa,1131c9b50a6a4c0868d0d6fa5e0be077cf8fd1ca,tornado/test/httpserver_test.py,https://github.com/tornadoweb/tornado,https://github.com/soarsmu/BugsInPy/tree/11c5f1eea954a42132cfd06bf257766a7963e0fd/projects/tornado/bugs/11
tornado,12,3.7.0,"Docker, Python 3.7",1: nothing to compile,,no,4ee9ba94de11aaa4f932560fa2b3d8ceb8c61d2a,301f52b532c071a0d2fec1eb7c23f2714bb38567,tornado/test/auth_test.py,https://github.com/tornadoweb/tornado,https://github.com/soarsmu/BugsInPy/tree/11c5f1eea954a42132cfd06bf257766a7963e0fd/projects/tornado/bugs/12
tornado,13,3.7.0,"Docker, Python 3.7",1: nothing to compile,,no,d7d9c467cda38f4c9352172ba7411edc29a85196,34903f9e1a99441b2729bbe6f1d65d46cf352ea7,tornado/test/http1connection_test.py,https://github.com/tornadoweb/tornado,https://github.com/soarsmu/BugsInPy/tree/11c5f1eea954a42132cfd06bf257766a7963e0fd/projects/tornado/bugs/13
tornado,14,3.7.0,"Docker, Python 3.7",1: nothing to compile,,yes,81ee310adcd905fbdf7c98d9fb6ef0c5a46026c2,1d02ed606f1c52636462633d009bdcbaac644331,tornado/test/ioloop_test.py,https://github.com/tornadoweb/tornado,https://github.com/soarsmu/BugsInPy/tree/11c5f1eea954a42132cfd06bf257766a7963e0fd/projects/tornado/bugs/14
tornado,15,3.7.0,"Docker, Python 3.7",1: nothing to compile,,yes,fdfaf3dffa49479c7461050eacca07bc5ee8d207,ecb3ea7543cc942659faf3d2144853018afa6139,tornado/test/web_test.py,https://github.com/tornadoweb/tornado,https://github.com/soarsmu/BugsInPy/tree/11c5f1eea954a42132cfd06bf257766a7963e0fd/projects/tornado/bugs/15
tornado,16,3.7.0,"Docker, Python 3.7",1: nothing to compile,,no,b450ff270df0395ee80f4ee5896a92bfe7f9b6ae,d1676810ef5972c4defb0a710a1d8f8a0018983b,tornado/test/gen_test.py,https://github.com/tornadoweb/tornado,https://github.com/soarsmu/BugsInPy/tree/11c5f1eea954a42132cfd06bf257766a7963e0fd/projects/tornado/bugs/16
tqdm,1,3.6.9,"Docker, Python 3.6",1: nothing to compile,,yes,8cc777fe8401a05d07f2c97e65d15e4460feab88,c0dcf39b046d1b4ff6de14ac99ad9a1b10487512,tqdm/tests/tests_contrib.py,https://github.com/tqdm/tqdm,https://github.com/soarsmu/BugsInPy/tree/11c5f1eea954a42132cfd06bf257766a7963e0fd/projects/tqdm/bugs/1
tqdm,2,3.6.9,"Docker, Python 3.6",1: nothing to compile,,yes,bef86db56654d271838b145ad77f7040a73a7b4d,127af5caf19e7d29c346f5ca8a9c7ef3004b664b,tqdm/tests/tests_tqdm.py,https://github.com/tqdm/tqdm,https://github.com/soarsmu/BugsInPy/tree/11c5f1eea954a42132cfd06bf257766a7963e0fd/projects/tqdm/bugs/2
tqdm,3,3.6.9,"Docker, Python 3.6",1: nothing to compile,,yes,c2599e3cd6087429f48bae34347ec5d2473c8392,73962a47026dd980ac0758820efc9c41cbf938e0,tqdm/tests/tests_tqdm.py,https://github.com/tqdm/tqdm,https://github.com/soarsmu/BugsInPy/tree/11c5f1eea954a42132cfd06bf257766a7963e0fd/projects/tqdm/bugs/3
tqdm,4,3.6.9,"Docker, Python 3.6",1: nothing to compile,,yes,03b347646492131d889871939b40457d29147216,964dee631d0ed30e2f799b42fc58ba5e73795a08,tqdm/tests/tests_tqdm.py,https://github.com/tqdm/tqdm,https://github.com/soarsmu/BugsInPy/tree/11c5f1eea954a42132cfd06bf257766a7963e0fd/projects/tqdm/bugs/4
tqdm,5,3.6.9,"Docker, Python 3.6",1: nothing to compile,,yes,19b08ab34fdbfa0275bc5cb2430436c724c7e759,4f340697af69b71850aad496387c9c5aa1904136,tqdm/tests/tests_tqdm.py,https://github.com/tqdm/tqdm,https://github.com/soarsmu/BugsInPy/tree/11c5f1eea954a42132cfd06bf257766a7963e0fd/projects/tqdm/bugs/5
tqdm,6,3.6.9,"Docker, Python 3.6",1: nothing to compile,,yes,a4b9c86db548b2d0dbb5af7a6bbdc26ab47e1eec,6dad2e89019317e875c46d5a3a82a811ad6de2f9,tqdm/tests/tests_synchronisation.py,https://github.com/tqdm/tqdm,https://github.com/soarsmu/BugsInPy/tree/11c5f1eea954a42132cfd06bf257766a7963e0fd/projects/tqdm/bugs/6
tqdm,7,3.6.9,"Docker, Python 3.6",1: nothing to compile,,yes,caefe02fd6f3165e5634460ab20caf4c60400120,4efd35246c924236f34d8130b1055a3c3ba78605,tqdm/tests/tests_main.py,https://github.com/tqdm/tqdm,https://github.com/soarsmu/BugsInPy/tree/11c5f1eea954a42132cfd06bf257766a7963e0fd/projects/tqdm/bugs/7
tqdm,8,3.6.9,"Docker, Python 3.6",1: nothing to compile,,yes,08b8ad1ff3bd003ef8309faaa0cc108ffa40317d,cae9d139c6df5614be3bf6e25ccbd600ee3286dc,tqdm/tests/tests_tqdm.py,https://github.com/tqdm/tqdm,https://github.com/soarsmu/BugsInPy/tree/11c5f1eea954a42132cfd06bf257766a7963e0fd/projects/tqdm/bugs/8
tqdm,9,3.6.9,"Docker, Python 3.6",1: nothing to compile,,yes,9da1d5d116aec7a23d8f6dc22d5e23ecb1c40a7c,d877c1dfb4739852105f7b967a8fceb869ac5042,tqdm/tests/tests_tqdm.py,https://github.com/tqdm/tqdm,https://github.com/soarsmu/BugsInPy/tree/11c5f1eea954a42132cfd06bf257766a7963e0fd/projects/tqdm/bugs/9
youtube-dl,1,3.7.0,"Docker, Python 3.7",1: nothing to compile,,no,99036a1298089068dcf80c0985bfcc3f8c24f281,,test/test_utils.py,https://github.com/ytdl-org/youtube-dl,https://github.com/soarsmu/BugsInPy/tree/11c5f1eea954a42132cfd06bf257766a7963e0fd/projects/youtube-dl/bugs/1
youtube-dl,2,3.7.0,"Docker, Python 3.7",1: nothing to compile,,no,84f085d4bdb66ee025fb337bcd571eab7469da97,,test/test_InfoExtractor.py,https://github.com/ytdl-org/youtube-dl,https://github.com/soarsmu/BugsInPy/tree/11c5f1eea954a42132cfd06bf257766a7963e0fd/projects/youtube-dl/bugs/2
youtube-dl,3,3.7.0,"Docker, Python 3.7",1: nothing to compile,,no,f5469da9e6e259c1690c7ef54f1da1c19f65036f,,test/test_utils.py,https://github.com/ytdl-org/youtube-dl,https://github.com/soarsmu/BugsInPy/tree/11c5f1eea954a42132cfd06bf257766a7963e0fd/projects/youtube-dl/bugs/3
youtube-dl,4,3.7.0,"Docker, Python 3.7",1: nothing to compile,,no,bc40b3a5ba44006c23daf7fe0ed872af5e33bdc5,,test/test_jsinterp.py,https://github.com/ytdl-org/youtube-dl,https://github.com/soarsmu/BugsInPy/tree/11c5f1eea954a42132cfd06bf257766a7963e0fd/projects/youtube-dl/bugs/4
youtube-dl,5,3.7.0,"Docker, Python 3.7",1: nothing to compile,,no,b02b960c6bba834d9e7199ac53430c7933079dc8,,test/test_utils.py,https://github.com/ytdl-org/youtube-dl,https://github.com/soarsmu/BugsInPy/tree/11c5f1eea954a42132cfd06bf257766a7963e0fd/projects/youtube-dl/bugs/5
youtube-dl,6,3.7.0,"Docker, Python 3.7",1: nothing to compile,,no,4f29fa99069760dc47ef9ca5dbf607a567d2982f,,test/test_utils.py,https://github.com/ytdl-org/youtube-dl,https://github.com/soarsmu/BugsInPy/tree/11c5f1eea954a42132cfd06bf257766a7963e0fd/projects/youtube-dl/bugs/6
youtube-dl,7,3.7.0,"Docker, Python 3.7",1: nothing to compile,,no,63a64948342ebfe46db8c258765e698a04a61904,,test/test_utils.py,https://github.com/ytdl-org/youtube-dl,https://github.com/soarsmu/BugsInPy/tree/11c5f1eea954a42132cfd06bf257766a7963e0fd/projects/youtube-dl/bugs/7
youtube-dl,8,3.7.0,"Docker, Python 3.7",1: nothing to compile,,no,cf2ac6df6896dac4d23918867bb86fac1e1088d9,,test/test_YoutubeDL.py,https://github.com/ytdl-org/youtube-dl,https://github.com/soarsmu/BugsInPy/tree/11c5f1eea954a42132cfd06bf257766a7963e0fd/projects/youtube-dl/bugs/8
youtube-dl,9,3.7.0,"Docker, Python 3.7",1: nothing to compile,,no,0130afb76e5cb6f470f39f127c8d09eea3e82d0d,,test/test_YoutubeDL.py,https://github.com/ytdl-org/youtube-dl,https://github.com/soarsmu/BugsInPy/tree/11c5f1eea954a42132cfd06bf257766a7963e0fd/projects/youtube-dl/bugs/9
youtube-dl,10,3.7.0,"Docker, Python 3.7",1: nothing to compile,,no,85d586617750d38d742a24f141b099f6b898d269,,test/test_utils.py,https://github.com/ytdl-org/youtube-dl,https://github.com/soarsmu/BugsInPy/tree/11c5f1eea954a42132cfd06bf257766a7963e0fd/projects/youtube-dl/bugs/10
youtube-dl,11,3.7.4,"Docker, Python 3.7",1: nothing to compile,,no,b568561eba6f4aceb87419e21aba11567c5de7da,,test/test_utils.py,https://github.com/ytdl-org/youtube-dl,https://github.com/soarsmu/BugsInPy/tree/11c5f1eea954a42132cfd06bf257766a7963e0fd/projects/youtube-dl/bugs/11
youtube-dl,12,3.7.4,"Docker, Python 3.7",1: nothing to compile,,no,435e382423f860aca82a58d7c3db58cbfa242b40,,test/test_YoutubeDL.py,https://github.com/ytdl-org/youtube-dl,https://github.com/soarsmu/BugsInPy/tree/11c5f1eea954a42132cfd06bf257766a7963e0fd/projects/youtube-dl/bugs/12
youtube-dl,13,3.7.4,"Docker, Python 3.7",1: nothing to compile,,no,6945b9e78f38284eb4e440b7badea2fc60b66c2f,,test/test_utils.py,https://github.com/ytdl-org/youtube-dl,https://github.com/soarsmu/BugsInPy/tree/11c5f1eea954a42132cfd06bf257766a7963e0fd/projects/youtube-dl/bugs/13
youtube-dl,14,3.7.4,"Docker, Python 3.7",1: nothing to compile,,no,562de77f41d0c08df9dbb08cfa86ba6c7d239c5a,,test/test_youtube_chapters.py,https://github.com/ytdl-org/youtube-dl,https://github.com/soarsmu/BugsInPy/tree/11c5f1eea954a42132cfd06bf257766a7963e0fd/projects/youtube-dl/bugs/14
youtube-dl,15,3.7.4,"Docker, Python 3.7",1: nothing to compile,,no,e7f3529f68ee7c8ca78366d37f851cb31fa00f31,,test/test_utils.py,https://github.com/ytdl-org/youtube-dl,https://github.com/soarsmu/BugsInPy/tree/11c5f1eea954a42132cfd06bf257766a7963e0fd/projects/youtube-dl/bugs/15
youtube-dl,16,3.7.4,"Docker, Python 3.7",1: nothing to compile,,no,68d43a61b552007a718894967b869c0f1d8ff00f,,test/test_utils.py,https://github.com/ytdl-org/youtube-dl,https://github.com/soarsmu/BugsInPy/tree/11c5f1eea954a42132cfd06bf257766a7963e0fd/projects/youtube-dl/bugs/16
youtube-dl,17,3.7.4,"Docker, Python 3.7",1: nothing to compile,,no,4bf22f7a1014c55e3358b5a419945071b152eafc,,test/test_utils.py,https://github.com/ytdl-org/youtube-dl,https://github.com/soarsmu/BugsInPy/tree/11c5f1eea954a42132cfd06bf257766a7963e0fd/projects/youtube-dl/bugs/17
youtube-dl,18,3.7.4,"Docker, Python 3.7",1: nothing to compile,,no,dc6520aa3d1fe7afc52613e392f15dde90af4844,,test/test_YoutubeDL.py,https://github.com/ytdl-org/youtube-dl,https://github.com/soarsmu/BugsInPy/tree/11c5f1eea954a42132cfd06bf257766a7963e0fd/projects/youtube-dl/bugs/18
youtube-dl,19,3.7.4,"Docker, Python 3.7",1: nothing to compile,,no,9a0942ad55bba714d6eaeb9ee4f66a138ec85e17,,test/test_YoutubeDL.py,https://github.com/ytdl-org/youtube-dl,https://github.com/soarsmu/BugsInPy/tree/11c5f1eea954a42132cfd06bf257766a7963e0fd/projects/youtube-dl/bugs/19
youtube-dl,20,3.7.4,"Docker, Python 3.7",1: nothing to compile,,no,b6c9fe416243373bcb59eb8aa5ef0baca8f3c97c,,test/test_utils.py,https://github.com/ytdl-org/youtube-dl,https://github.com/soarsmu/BugsInPy/tree/11c5f1eea954a42132cfd06bf257766a7963e0fd/projects/youtube-dl/bugs/20
youtube-dl,21,3.7.4,"Docker, Python 3.7",1: nothing to compile,,no,96182695e4e37795a30ab143129c91dab18a9865,,test/test_utils.py,https://github.com/ytdl-org/youtube-dl,https://github.com/soarsmu/BugsInPy/tree/11c5f1eea954a42132cfd06bf257766a7963e0fd/projects/youtube-dl/bugs/21
youtube-dl,22,3.7.4,"Docker, Python 3.7",1: nothing to compile,,no,1bd05345ea4b91598ec04b8e0d33fd14f9e2eddc,,test/test_YoutubeDL.py,https://github.com/ytdl-org/youtube-dl,https://github.com/soarsmu/BugsInPy/tree/11c5f1eea954a42132cfd06bf257766a7963e0fd/projects/youtube-dl/bugs/22
youtube-dl,23,3.7.4,"Docker, Python 3.7",1: nothing to compile,,no,a22b2fd19bd8c08d50f884d1903486d4f00f76ec,,test/test_utils.py,https://github.com/ytdl-org/youtube-dl,https://github.com/soarsmu/BugsInPy/tree/11c5f1eea954a42132cfd06bf257766a7963e0fd/projects/youtube-dl/bugs/23
youtube-dl,24,3.7.4,"Docker, Python 3.7",1: nothing to compile,,no,2c6da7df4a4d69ec933688e3c53795fd3436a1c6,,test/test_YoutubeDL.py,https://github.com/ytdl-org/youtube-dl,https://github.com/soarsmu/BugsInPy/tree/11c5f1eea954a42132cfd06bf257766a7963e0fd/projects/youtube-dl/bugs/24
youtube-dl,25,3.7.4,"Docker, Python 3.7",1: nothing to compile,,no,9e5751b9fe72f7425e4cb3f22a56b6a95b59e41d,,test/test_utils.py,https://github.com/ytdl-org/youtube-dl,https://github.com/soarsmu/BugsInPy/tree/11c5f1eea954a42132cfd06bf257766a7963e0fd/projects/youtube-dl/bugs/25
youtube-dl,26,3.7.4,"Docker, Python 3.7",1: nothing to compile,,no,4c93ee8d14dc081d413304d2d2eb694cb62cc71a,,test/test_utils.py,https://github.com/ytdl-org/youtube-dl,https://github.com/soarsmu/BugsInPy/tree/11c5f1eea954a42132cfd06bf257766a7963e0fd/projects/youtube-dl/bugs/26
youtube-dl,27,3.7.4,"Docker, Python 3.7",3: large native stack to compile,kiwisolver lxml matplotlib numpy pandas scikit-learn scipy psutil,yes,d631d5f9f27f93767226192e4288990413fa9dbd,,test/test_utils.py,https://github.com/ytdl-org/youtube-dl,https://github.com/soarsmu/BugsInPy/tree/11c5f1eea954a42132cfd06bf257766a7963e0fd/projects/youtube-dl/bugs/27
youtube-dl,28,3.7.4,"Docker, Python 3.7",3: large native stack to compile,kiwisolver lxml matplotlib numpy pandas scikit-learn scipy psutil,yes,bd1512d19649c280197729814766d590ea6c023b,,test/test_utils.py,https://github.com/ytdl-org/youtube-dl,https://github.com/soarsmu/BugsInPy/tree/11c5f1eea954a42132cfd06bf257766a7963e0fd/projects/youtube-dl/bugs/28
youtube-dl,29,3.7.4,"Docker, Python 3.7",3: large native stack to compile,kiwisolver lxml matplotlib numpy pandas scikit-learn scipy psutil,yes,c514b0ec655b23e7804eb18df04daa863d973f32,,test/test_utils.py,https://github.com/ytdl-org/youtube-dl,https://github.com/soarsmu/BugsInPy/tree/11c5f1eea954a42132cfd06bf257766a7963e0fd/projects/youtube-dl/bugs/29
youtube-dl,30,3.7.4,"Docker, Python 3.7",3: large native stack to compile,kiwisolver lxml matplotlib numpy pandas scikit-learn scipy psutil,yes,f5f4a27a964b41646303921104f4d6d6fd2098e4,,test/test_YoutubeDL.py,https://github.com/ytdl-org/youtube-dl,https://github.com/soarsmu/BugsInPy/tree/11c5f1eea954a42132cfd06bf257766a7963e0fd/projects/youtube-dl/bugs/30
youtube-dl,31,3.7.4,"Docker, Python 3.7",3: large native stack to compile,kiwisolver lxml matplotlib numpy pandas scikit-learn scipy psutil,yes,ab07963b5cc79812c6fb7e4f9e363533d8123830,,test/test_utils.py,https://github.com/ytdl-org/youtube-dl,https://github.com/soarsmu/BugsInPy/tree/11c5f1eea954a42132cfd06bf257766a7963e0fd/projects/youtube-dl/bugs/31
youtube-dl,32,3.7.4,"Docker, Python 3.7",1: nothing to compile,,no,bf951c5e29548cfed80480389762edd29fcc8825,609a61e3e6fffce3d45e845f33ae2c5fa2d432ac,test/test_utils.py,https://github.com/ytdl-org/youtube-dl,https://github.com/soarsmu/BugsInPy/tree/11c5f1eea954a42132cfd06bf257766a7963e0fd/projects/youtube-dl/bugs/32
youtube-dl,33,3.7.4,"Docker, Python 3.7",1: nothing to compile,,no,50c8266ef0b2b6d011257a909f47fd623dda8eb2,,test/test_utils.py,https://github.com/ytdl-org/youtube-dl,https://github.com/soarsmu/BugsInPy/tree/11c5f1eea954a42132cfd06bf257766a7963e0fd/projects/youtube-dl/bugs/33
youtube-dl,34,3.7.4,"Docker, Python 3.7",1: nothing to compile,,no,07e764439a1cdd3a3b95fbf21acc6a517c6a889e,,test/test_utils.py,https://github.com/ytdl-org/youtube-dl,https://github.com/soarsmu/BugsInPy/tree/11c5f1eea954a42132cfd06bf257766a7963e0fd/projects/youtube-dl/bugs/34
youtube-dl,35,3.7.4,"Docker, Python 3.7",1: nothing to compile,,no,89294b5f50462ede8ba83463ff262eb2c5219e1b,,test/test_utils.py,https://github.com/ytdl-org/youtube-dl,https://github.com/soarsmu/BugsInPy/tree/11c5f1eea954a42132cfd06bf257766a7963e0fd/projects/youtube-dl/bugs/35
youtube-dl,36,3.7.4,"Docker, Python 3.7",1: nothing to compile,,no,173a7026d59bacfbfe7a8eea92e10ef6e89d1798,,test/test_all_urls.py,https://github.com/ytdl-org/youtube-dl,https://github.com/soarsmu/BugsInPy/tree/11c5f1eea954a42132cfd06bf257766a7963e0fd/projects/youtube-dl/bugs/36
youtube-dl,37,3.7.4,"Docker, Python 3.7",1: nothing to compile,,no,98b7cf1acefe398f792ca6ff4c5f84f1b7785fcb,,test/test_utils.py,https://github.com/ytdl-org/youtube-dl,https://github.com/soarsmu/BugsInPy/tree/11c5f1eea954a42132cfd06bf257766a7963e0fd/projects/youtube-dl/bugs/37
youtube-dl,38,3.7.4,"Docker, Python 3.7",1: nothing to compile,,no,94eae04c94a43847e8ce7c9bf3d88dd029ef62f6,,test/test_utils.py,https://github.com/ytdl-org/youtube-dl,https://github.com/soarsmu/BugsInPy/tree/11c5f1eea954a42132cfd06bf257766a7963e0fd/projects/youtube-dl/bugs/38
youtube-dl,39,3.7.4,"Docker, Python 3.7",1: nothing to compile,,no,b04c8f735805ea2671429ac8d683c2887a6b4db8,,test/test_utils.py,https://github.com/ytdl-org/youtube-dl,https://github.com/soarsmu/BugsInPy/tree/11c5f1eea954a42132cfd06bf257766a7963e0fd/projects/youtube-dl/bugs/39
youtube-dl,40,3.7.4,"Docker, Python 3.7",1: nothing to compile,,no,6a7a38967976ea0d0b911c2965aaa74bed2976d7,,test/test_utils.py,https://github.com/ytdl-org/youtube-dl,https://github.com/soarsmu/BugsInPy/tree/11c5f1eea954a42132cfd06bf257766a7963e0fd/projects/youtube-dl/bugs/40
youtube-dl,41,3.7.4,"Docker, Python 3.7",1: nothing to compile,,no,81c2f20b5386d89a62dc27293654d75b77f47473,,test/test_utils.py,https://github.com/ytdl-org/youtube-dl,https://github.com/soarsmu/BugsInPy/tree/11c5f1eea954a42132cfd06bf257766a7963e0fd/projects/youtube-dl/bugs/41
youtube-dl,42,3.7.4,"Docker, Python 3.7",1: nothing to compile,,no,b853d2e1555dbb4a09fe3d7857c6d2bc044646f4,,test/test_utils.py,https://github.com/ytdl-org/youtube-dl,https://github.com/soarsmu/BugsInPy/tree/11c5f1eea954a42132cfd06bf257766a7963e0fd/projects/youtube-dl/bugs/42
youtube-dl,43,3.7.4,"Docker, Python 3.7",1: nothing to compile,,no,cecaaf3f58ad9f544dbb79af1e565d9353fa2b2d,,test/test_utils.py,https://github.com/ytdl-org/youtube-dl,https://github.com/soarsmu/BugsInPy/tree/11c5f1eea954a42132cfd06bf257766a7963e0fd/projects/youtube-dl/bugs/43
